model_size,checkpoint_step,n_words_correlated,layer_num,method,id
1b,0,1,0,mle,21.415146176167532
1b,0,1,0,pca,14.0
1b,0,1,0,pr,43.44075733148425
1b,0,1,0,2nn,36.385495981498714
1b,0,1,1,mle,22.821011678347602
1b,0,1,1,pca,15.0
1b,0,1,1,pr,43.67915222406835
1b,0,1,1,2nn,38.85814017338674
1b,0,1,2,mle,21.756527826947114
1b,0,1,2,pca,19.0
1b,0,1,2,pr,46.56567515388818
1b,0,1,2,2nn,33.85456283941904
1b,0,1,3,mle,20.87386410893234
1b,0,1,3,pca,18.0
1b,0,1,3,pr,47.052428571338595
1b,0,1,3,2nn,29.964659350637525
1b,0,1,4,mle,20.311783138338868
1b,0,1,4,pca,19.0
1b,0,1,4,pr,48.41704732296488
1b,0,1,4,2nn,27.3950989804774
1b,0,1,5,mle,19.848244865011694
1b,0,1,5,pca,22.0
1b,0,1,5,pr,51.09531607189284
1b,0,1,5,2nn,25.68002974701869
1b,0,1,6,mle,19.48537021136298
1b,0,1,6,pca,23.0
1b,0,1,6,pr,53.31331173438197
1b,0,1,6,2nn,24.24579904937202
1b,0,1,7,mle,19.23662279622221
1b,0,1,7,pca,26.0
1b,0,1,7,pr,55.81182186937677
1b,0,1,7,2nn,23.06166604484783
1b,0,1,8,mle,19.091406625400168
1b,0,1,8,pca,29.0
1b,0,1,8,pr,57.77887546565641
1b,0,1,8,2nn,22.19427096475978
1b,0,1,9,mle,18.884053755719744
1b,0,1,9,pca,29.0
1b,0,1,9,pr,58.96980612320149
1b,0,1,9,2nn,21.358615304540578
1b,0,1,10,mle,18.749717927215766
1b,0,1,10,pca,30.0
1b,0,1,10,pr,60.616730324759054
1b,0,1,10,2nn,20.502272146888913
1b,0,1,11,mle,18.63578006504017
1b,0,1,11,pca,31.0
1b,0,1,11,pr,62.22573908434757
1b,0,1,11,2nn,19.872075737523883
1b,0,1,12,mle,18.548462213643575
1b,0,1,12,pca,32.0
1b,0,1,12,pr,63.55824909189786
1b,0,1,12,2nn,19.30966405927724
1b,0,1,13,mle,18.46471682403508
1b,0,1,13,pca,32.0
1b,0,1,13,pr,65.01098402927701
1b,0,1,13,2nn,18.873149057252142
1b,0,1,14,mle,18.41206383257896
1b,0,1,14,pca,34.0
1b,0,1,14,pr,66.12409573567793
1b,0,1,14,2nn,18.419615528725473
1b,0,1,15,mle,18.357202436642112
1b,0,1,15,pca,36.0
1b,0,1,15,pr,68.09289061275283
1b,0,1,15,2nn,18.084028308158842
1b,0,2,0,mle,17.13207316434779
1b,0,2,0,pca,15.0
1b,0,2,0,pr,44.42945816627767
1b,0,2,0,2nn,25.530636926836266
1b,0,2,1,mle,19.04157220068982
1b,0,2,1,pca,17.0
1b,0,2,1,pr,44.71672641625248
1b,0,2,1,2nn,28.84517548516525
1b,0,2,2,mle,18.99601901871097
1b,0,2,2,pca,21.0
1b,0,2,2,pr,47.61393265936177
1b,0,2,2,2nn,27.61379192458941
1b,0,2,3,mle,18.757289330613187
1b,0,2,3,pca,21.0
1b,0,2,3,pr,48.14879252495718
1b,0,2,3,2nn,25.5193846026996
1b,0,2,4,mle,18.55065632988588
1b,0,2,4,pca,22.0
1b,0,2,4,pr,49.581638904155774
1b,0,2,4,2nn,23.576822395331863
1b,0,2,5,mle,18.25263779427238
1b,0,2,5,pca,24.0
1b,0,2,5,pr,52.29609053356759
1b,0,2,5,2nn,22.100714950192433
1b,0,2,6,mle,18.058685560767483
1b,0,2,6,pca,26.0
1b,0,2,6,pr,54.50237589200878
1b,0,2,6,2nn,21.02978849183841
1b,0,2,7,mle,17.91490064832817
1b,0,2,7,pca,29.0
1b,0,2,7,pr,57.004368475409066
1b,0,2,7,2nn,20.039771332900152
1b,0,2,8,mle,17.783351695290843
1b,0,2,8,pca,31.0
1b,0,2,8,pr,58.98245764475119
1b,0,2,8,2nn,19.208105229324225
1b,0,2,9,mle,17.710827800323788
1b,0,2,9,pca,32.0
1b,0,2,9,pr,60.292541541527946
1b,0,2,9,2nn,18.388640634444595
1b,0,2,10,mle,17.70436787333655
1b,0,2,10,pca,34.0
1b,0,2,10,pr,61.987748039490086
1b,0,2,10,2nn,17.768098208409818
1b,0,2,11,mle,17.681140210496288
1b,0,2,11,pca,35.0
1b,0,2,11,pr,63.58154155847371
1b,0,2,11,2nn,17.24840898322344
1b,0,2,12,mle,17.646530057353324
1b,0,2,12,pca,35.0
1b,0,2,12,pr,64.90717511735642
1b,0,2,12,2nn,16.779636397160235
1b,0,2,13,mle,17.610826953987843
1b,0,2,13,pca,37.0
1b,0,2,13,pr,66.36082453133287
1b,0,2,13,2nn,16.297474568388022
1b,0,2,14,mle,17.582654130084922
1b,0,2,14,pca,37.0
1b,0,2,14,pr,67.48294885089254
1b,0,2,14,2nn,15.912833904394768
1b,0,2,15,mle,17.569324171031248
1b,0,2,15,pca,40.0
1b,0,2,15,pr,69.46121495867482
1b,0,2,15,2nn,15.596747558726843
1b,0,3,0,mle,14.038398153478457
1b,0,3,0,pca,15.0
1b,0,3,0,pr,44.21072391456257
1b,0,3,0,2nn,18.836768368717692
1b,0,3,1,mle,16.05296060876216
1b,0,3,1,pca,15.0
1b,0,3,1,pr,44.42769105469413
1b,0,3,1,2nn,23.02935622312708
1b,0,3,2,mle,16.539816655216953
1b,0,3,2,pca,20.0
1b,0,3,2,pr,47.406376834642
1b,0,3,2,2nn,22.78284066572028
1b,0,3,3,mle,16.57101029991001
1b,0,3,3,pca,20.0
1b,0,3,3,pr,47.81214041828858
1b,0,3,3,2nn,21.370241159806074
1b,0,3,4,mle,16.55063813607432
1b,0,3,4,pca,20.0
1b,0,3,4,pr,49.06729234860117
1b,0,3,4,2nn,19.996522094001133
1b,0,3,5,mle,16.47825060764575
1b,0,3,5,pca,21.0
1b,0,3,5,pr,51.7341756767328
1b,0,3,5,2nn,18.637707410352576
1b,0,3,6,mle,16.45864642044557
1b,0,3,6,pca,25.0
1b,0,3,6,pr,53.878141682044735
1b,0,3,6,2nn,17.635688470277717
1b,0,3,7,mle,16.426095403895378
1b,0,3,7,pca,28.0
1b,0,3,7,pr,56.47245924792696
1b,0,3,7,2nn,16.792316961705552
1b,0,3,8,mle,16.408306197878673
1b,0,3,8,pca,30.0
1b,0,3,8,pr,58.50797512281
1b,0,3,8,2nn,16.129316768260843
1b,0,3,9,mle,16.34262326663735
1b,0,3,9,pca,31.0
1b,0,3,9,pr,59.68781318448354
1b,0,3,9,2nn,15.509949409361282
1b,0,3,10,mle,16.364691403635923
1b,0,3,10,pca,31.0
1b,0,3,10,pr,61.31294265788009
1b,0,3,10,2nn,15.015979200734227
1b,0,3,11,mle,16.38539725646925
1b,0,3,11,pca,32.0
1b,0,3,11,pr,62.918497545845135
1b,0,3,11,2nn,14.597216973240254
1b,0,3,12,mle,16.361791599372474
1b,0,3,12,pca,34.0
1b,0,3,12,pr,64.24712691535434
1b,0,3,12,2nn,14.178642811638447
1b,0,3,13,mle,16.358129011161218
1b,0,3,13,pca,35.0
1b,0,3,13,pr,65.6802827459011
1b,0,3,13,2nn,13.816183649618418
1b,0,3,14,mle,16.329660912252987
1b,0,3,14,pca,35.0
1b,0,3,14,pr,66.73951578603186
1b,0,3,14,2nn,13.504899709105233
1b,0,3,15,mle,16.39190861657718
1b,0,3,15,pca,39.0
1b,0,3,15,pr,68.77858982093166
1b,0,3,15,2nn,13.200198764830823
1b,0,4,0,mle,12.261890841138557
1b,0,4,0,pca,14.0
1b,0,4,0,pr,43.850251726514756
1b,0,4,0,2nn,12.737647330034891
1b,0,4,1,mle,14.012485810619975
1b,0,4,1,pca,15.0
1b,0,4,1,pr,44.04444125108109
1b,0,4,1,2nn,17.3078849285957
1b,0,4,2,mle,14.54714168884366
1b,0,4,2,pca,19.0
1b,0,4,2,pr,46.905928936036865
1b,0,4,2,2nn,18.256953014157627
1b,0,4,3,mle,14.784899969113457
1b,0,4,3,pca,18.0
1b,0,4,3,pr,47.34216533873304
1b,0,4,3,2nn,17.372061813834478
1b,0,4,4,mle,14.909190228567605
1b,0,4,4,pca,20.0
1b,0,4,4,pr,48.64767009257309
1b,0,4,4,2nn,16.386460244228434
1b,0,4,5,mle,14.930010016899056
1b,0,4,5,pca,22.0
1b,0,4,5,pr,51.28077469789264
1b,0,4,5,2nn,15.504668917724047
1b,0,4,6,mle,14.948178075918857
1b,0,4,6,pca,25.0
1b,0,4,6,pr,53.46647101490946
1b,0,4,6,2nn,14.804023147820153
1b,0,4,7,mle,14.924941462693408
1b,0,4,7,pca,27.0
1b,0,4,7,pr,56.002318346132704
1b,0,4,7,2nn,14.205000881958163
1b,0,4,8,mle,14.912669789100427
1b,0,4,8,pca,30.0
1b,0,4,8,pr,58.00782655191401
1b,0,4,8,2nn,13.677094286717967
1b,0,4,9,mle,14.956556224058248
1b,0,4,9,pca,30.0
1b,0,4,9,pr,59.21303777091337
1b,0,4,9,2nn,13.166090574754696
1b,0,4,10,mle,14.979246496801684
1b,0,4,10,pca,31.0
1b,0,4,10,pr,60.86010706415999
1b,0,4,10,2nn,12.704986803667683
1b,0,4,11,mle,15.001497922260297
1b,0,4,11,pca,32.0
1b,0,4,11,pr,62.427438572102
1b,0,4,11,2nn,12.351635098432206
1b,0,4,12,mle,15.016319584029185
1b,0,4,12,pca,33.0
1b,0,4,12,pr,63.73905219118536
1b,0,4,12,2nn,11.992936675652134
1b,0,4,13,mle,15.05201233905822
1b,0,4,13,pca,34.0
1b,0,4,13,pr,65.1617784076034
1b,0,4,13,2nn,11.74222515166954
1b,0,4,14,mle,15.091932457113053
1b,0,4,14,pca,36.0
1b,0,4,14,pr,66.21965286566606
1b,0,4,14,2nn,11.493194570443961
1b,0,4,15,mle,15.1389301899534
1b,0,4,15,pca,39.0
1b,0,4,15,pr,68.15871958096092
1b,0,4,15,2nn,11.269959211154971
1b,2,1,0,mle,21.421989111269358
1b,2,1,0,pca,12.0
1b,2,1,0,pr,42.34610856494543
1b,2,1,0,2nn,35.972388745392756
1b,2,1,1,mle,22.991186724850433
1b,2,1,1,pca,12.0
1b,2,1,1,pr,42.581064044996225
1b,2,1,1,2nn,38.03322817783387
1b,2,1,2,mle,21.863746887651093
1b,2,1,2,pca,16.0
1b,2,1,2,pr,45.48285299690385
1b,2,1,2,2nn,33.737673377393946
1b,2,1,3,mle,20.923797556243013
1b,2,1,3,pca,15.0
1b,2,1,3,pr,45.855045194179574
1b,2,1,3,2nn,30.306908051521678
1b,2,1,4,mle,20.309634075596968
1b,2,1,4,pca,15.0
1b,2,1,4,pr,47.07778465723159
1b,2,1,4,2nn,27.710319368580425
1b,2,1,5,mle,19.753680931657048
1b,2,1,5,pca,18.0
1b,2,1,5,pr,49.67612820170987
1b,2,1,5,2nn,25.92431779152801
1b,2,1,6,mle,19.432533135755612
1b,2,1,6,pca,20.0
1b,2,1,6,pr,51.857675639535294
1b,2,1,6,2nn,24.43576839707069
1b,2,1,7,mle,19.119014011282715
1b,2,1,7,pca,24.0
1b,2,1,7,pr,54.37061417374398
1b,2,1,7,2nn,23.373991902411515
1b,2,1,8,mle,18.913150825254608
1b,2,1,8,pca,25.0
1b,2,1,8,pr,56.320063604189194
1b,2,1,8,2nn,22.4401297567405
1b,2,1,9,mle,18.752463957082643
1b,2,1,9,pca,26.0
1b,2,1,9,pr,57.47340566371408
1b,2,1,9,2nn,21.596654162838153
1b,2,1,10,mle,18.670547109443437
1b,2,1,10,pca,27.0
1b,2,1,10,pr,59.0566757210564
1b,2,1,10,2nn,20.857749081238275
1b,2,1,11,mle,18.584025161437605
1b,2,1,11,pca,28.0
1b,2,1,11,pr,60.59675852287813
1b,2,1,11,2nn,20.27377323282175
1b,2,1,12,mle,18.41786430450489
1b,2,1,12,pca,28.0
1b,2,1,12,pr,61.89512422743449
1b,2,1,12,2nn,19.592999668936777
1b,2,1,13,mle,18.288855303335026
1b,2,1,13,pca,30.0
1b,2,1,13,pr,63.308816359610624
1b,2,1,13,2nn,19.13590463719084
1b,2,1,14,mle,18.24078921866278
1b,2,1,14,pca,31.0
1b,2,1,14,pr,64.38062060807665
1b,2,1,14,2nn,18.742770438402346
1b,2,1,15,mle,18.2160500391802
1b,2,1,15,pca,33.0
1b,2,1,15,pr,66.40253427209028
1b,2,1,15,2nn,18.351725037794893
1b,2,2,0,mle,16.688794948170038
1b,2,2,0,pca,14.0
1b,2,2,0,pr,44.406119585368614
1b,2,2,0,2nn,26.20620694442439
1b,2,2,1,mle,18.67471631190827
1b,2,2,1,pca,14.0
1b,2,2,1,pr,44.59436193226405
1b,2,2,1,2nn,29.619204681633562
1b,2,2,2,mle,18.641491051903426
1b,2,2,2,pca,18.0
1b,2,2,2,pr,47.52446752553053
1b,2,2,2,2nn,27.761414249477912
1b,2,2,3,mle,18.249334000888897
1b,2,2,3,pca,18.0
1b,2,2,3,pr,47.96481704226323
1b,2,2,3,2nn,25.184225384551297
1b,2,2,4,mle,17.908226409390995
1b,2,2,4,pca,19.0
1b,2,2,4,pr,49.29813982366284
1b,2,2,4,2nn,23.288628586264373
1b,2,2,5,mle,17.735620097504842
1b,2,2,5,pca,22.0
1b,2,2,5,pr,52.02962218089052
1b,2,2,5,2nn,21.8197775431118
1b,2,2,6,mle,17.543663374925796
1b,2,2,6,pca,25.0
1b,2,2,6,pr,54.26484022840004
1b,2,2,6,2nn,20.783863291499728
1b,2,2,7,mle,17.3975185339539
1b,2,2,7,pca,28.0
1b,2,2,7,pr,56.80550827221483
1b,2,2,7,2nn,19.91572759976651
1b,2,2,8,mle,17.274789385039178
1b,2,2,8,pca,30.0
1b,2,2,8,pr,58.84205816838281
1b,2,2,8,2nn,19.262887542363917
1b,2,2,9,mle,17.17980200645416
1b,2,2,9,pca,30.0
1b,2,2,9,pr,60.031846463100564
1b,2,2,9,2nn,18.472917467750932
1b,2,2,10,mle,17.129126397873165
1b,2,2,10,pca,32.0
1b,2,2,10,pr,61.72545481641581
1b,2,2,10,2nn,17.830233984572875
1b,2,2,11,mle,17.066279346018312
1b,2,2,11,pca,33.0
1b,2,2,11,pr,63.28694207069578
1b,2,2,11,2nn,17.301251924007662
1b,2,2,12,mle,16.975736210821154
1b,2,2,12,pca,33.0
1b,2,2,12,pr,64.6161892899309
1b,2,2,12,2nn,16.827366256655896
1b,2,2,13,mle,16.906058837902325
1b,2,2,13,pca,34.0
1b,2,2,13,pr,66.09209701063324
1b,2,2,13,2nn,16.377461440954317
1b,2,2,14,mle,16.81768411370447
1b,2,2,14,pca,35.0
1b,2,2,14,pr,67.16191928108306
1b,2,2,14,2nn,15.98228058121698
1b,2,2,15,mle,16.87514116482344
1b,2,2,15,pca,37.0
1b,2,2,15,pr,69.18570561809635
1b,2,2,15,2nn,15.642714362143247
1b,2,3,0,mle,13.964887276215531
1b,2,3,0,pca,13.0
1b,2,3,0,pr,44.670082063064214
1b,2,3,0,2nn,18.605644090483082
1b,2,3,1,mle,15.811470421291189
1b,2,3,1,pca,15.0
1b,2,3,1,pr,44.85256002460607
1b,2,3,1,2nn,23.15550360528072
1b,2,3,2,mle,16.27429123558884
1b,2,3,2,pca,20.0
1b,2,3,2,pr,47.857912374349
1b,2,3,2,2nn,22.96731956817917
1b,2,3,3,mle,16.285582445970935
1b,2,3,3,pca,20.0
1b,2,3,3,pr,48.291460939507495
1b,2,3,3,2nn,21.642722385039406
1b,2,3,4,mle,16.30923801163808
1b,2,3,4,pca,19.0
1b,2,3,4,pr,49.623468785980414
1b,2,3,4,2nn,20.32965827461111
1b,2,3,5,mle,16.25807749172971
1b,2,3,5,pca,22.0
1b,2,3,5,pr,52.31826934867628
1b,2,3,5,2nn,19.254599743770445
1b,2,3,6,mle,16.26730779506776
1b,2,3,6,pca,25.0
1b,2,3,6,pr,54.54793847608768
1b,2,3,6,2nn,18.405749684424663
1b,2,3,7,mle,16.184804054686154
1b,2,3,7,pca,27.0
1b,2,3,7,pr,57.14654843878488
1b,2,3,7,2nn,17.59804244252092
1b,2,3,8,mle,16.16193639926255
1b,2,3,8,pca,30.0
1b,2,3,8,pr,59.18667769824746
1b,2,3,8,2nn,16.99598877480915
1b,2,3,9,mle,16.10796651307186
1b,2,3,9,pca,30.0
1b,2,3,9,pr,60.3834421792118
1b,2,3,9,2nn,16.31252680707392
1b,2,3,10,mle,16.108771766845358
1b,2,3,10,pca,32.0
1b,2,3,10,pr,62.07329337342962
1b,2,3,10,2nn,15.795103106320742
1b,2,3,11,mle,16.103319319982393
1b,2,3,11,pca,32.0
1b,2,3,11,pr,63.66333616527985
1b,2,3,11,2nn,15.371969992632483
1b,2,3,12,mle,16.088805314101386
1b,2,3,12,pca,33.0
1b,2,3,12,pr,64.97751081925524
1b,2,3,12,2nn,14.981839704409884
1b,2,3,13,mle,16.137689122539925
1b,2,3,13,pca,34.0
1b,2,3,13,pr,66.44139669546217
1b,2,3,13,2nn,14.585516685474001
1b,2,3,14,mle,16.09688642938501
1b,2,3,14,pca,35.0
1b,2,3,14,pr,67.53865116414012
1b,2,3,14,2nn,14.27355790310176
1b,2,3,15,mle,16.155507769861632
1b,2,3,15,pca,39.0
1b,2,3,15,pr,69.5590550617936
1b,2,3,15,2nn,14.00102075954141
1b,2,4,0,mle,12.349041964335987
1b,2,4,0,pca,13.0
1b,2,4,0,pr,42.622948965732895
1b,2,4,0,2nn,12.910987119675001
1b,2,4,1,mle,14.055067541131741
1b,2,4,1,pca,13.0
1b,2,4,1,pr,42.78259642390055
1b,2,4,1,2nn,17.587035453682912
1b,2,4,2,mle,14.649448817114536
1b,2,4,2,pca,16.0
1b,2,4,2,pr,45.5970962996063
1b,2,4,2,2nn,18.39805585539433
1b,2,4,3,mle,14.848533287266307
1b,2,4,3,pca,16.0
1b,2,4,3,pr,46.0123055981126
1b,2,4,3,2nn,17.53443341829853
1b,2,4,4,mle,14.971002398045774
1b,2,4,4,pca,16.0
1b,2,4,4,pr,47.24841519529978
1b,2,4,4,2nn,16.71639195097733
1b,2,4,5,mle,14.939059923099148
1b,2,4,5,pca,19.0
1b,2,4,5,pr,49.83246741074486
1b,2,4,5,2nn,15.919134877105703
1b,2,4,6,mle,14.977032939307511
1b,2,4,6,pca,23.0
1b,2,4,6,pr,52.018592774473106
1b,2,4,6,2nn,15.257774592732227
1b,2,4,7,mle,14.981498442606325
1b,2,4,7,pca,26.0
1b,2,4,7,pr,54.53079082002172
1b,2,4,7,2nn,14.689766004224293
1b,2,4,8,mle,15.001713091630133
1b,2,4,8,pca,28.0
1b,2,4,8,pr,56.542538279146
1b,2,4,8,2nn,14.142996902509054
1b,2,4,9,mle,15.019602040035034
1b,2,4,9,pca,28.0
1b,2,4,9,pr,57.67464266615094
1b,2,4,9,2nn,13.596949762578143
1b,2,4,10,mle,15.055457161286116
1b,2,4,10,pca,29.0
1b,2,4,10,pr,59.3527004187354
1b,2,4,10,2nn,13.105931805992551
1b,2,4,11,mle,15.075536687443487
1b,2,4,11,pca,29.0
1b,2,4,11,pr,60.9164496873432
1b,2,4,11,2nn,12.750773666338976
1b,2,4,12,mle,15.042008722943985
1b,2,4,12,pca,30.0
1b,2,4,12,pr,62.161524084563986
1b,2,4,12,2nn,12.381614270724317
1b,2,4,13,mle,15.091099686783691
1b,2,4,13,pca,32.0
1b,2,4,13,pr,63.60045181898008
1b,2,4,13,2nn,12.109008792869274
1b,2,4,14,mle,15.126136789834831
1b,2,4,14,pca,33.0
1b,2,4,14,pr,64.62743395904562
1b,2,4,14,2nn,11.892365630305756
1b,2,4,15,mle,15.14172497700493
1b,2,4,15,pca,35.0
1b,2,4,15,pr,66.61958069839794
1b,2,4,15,2nn,11.63848178590564
1b,64,1,0,mle,20.878866763270164
1b,64,1,0,pca,7.0
1b,64,1,0,pr,32.539737301753405
1b,64,1,0,2nn,35.751560284003695
1b,64,1,1,mle,22.473002396987894
1b,64,1,1,pca,5.0
1b,64,1,1,pr,20.784941928654472
1b,64,1,1,2nn,37.95873026911685
1b,64,1,2,mle,21.237429328540998
1b,64,1,2,pca,5.0
1b,64,1,2,pr,16.06927356660957
1b,64,1,2,2nn,33.40086152842225
1b,64,1,3,mle,20.21179531142345
1b,64,1,3,pca,5.0
1b,64,1,3,pr,13.39539915057564
1b,64,1,3,2nn,29.6407520865053
1b,64,1,4,mle,19.385096447656405
1b,64,1,4,pca,5.0
1b,64,1,4,pr,11.956152387397244
1b,64,1,4,2nn,27.514959534178267
1b,64,1,5,mle,18.563395990236636
1b,64,1,5,pca,5.0
1b,64,1,5,pr,10.71323424095533
1b,64,1,5,2nn,25.564384072063003
1b,64,1,6,mle,17.807218096293123
1b,64,1,6,pca,5.0
1b,64,1,6,pr,9.837226953733536
1b,64,1,6,2nn,24.385342432654337
1b,64,1,7,mle,17.103334559722636
1b,64,1,7,pca,5.0
1b,64,1,7,pr,9.202730020953302
1b,64,1,7,2nn,23.358781813800352
1b,64,1,8,mle,16.475273049569875
1b,64,1,8,pca,5.0
1b,64,1,8,pr,8.651547442921194
1b,64,1,8,2nn,22.48105459861354
1b,64,1,9,mle,15.87760645604627
1b,64,1,9,pca,5.0
1b,64,1,9,pr,8.105437158946462
1b,64,1,9,2nn,21.590511975931786
1b,64,1,10,mle,15.346268177583534
1b,64,1,10,pca,5.0
1b,64,1,10,pr,7.618366589920579
1b,64,1,10,2nn,20.985688234463083
1b,64,1,11,mle,14.92742179446377
1b,64,1,11,pca,5.0
1b,64,1,11,pr,7.16265369388611
1b,64,1,11,2nn,20.419248135926672
1b,64,1,12,mle,14.530952732984742
1b,64,1,12,pca,5.0
1b,64,1,12,pr,6.792093346682798
1b,64,1,12,2nn,19.893527233984543
1b,64,1,13,mle,14.157478466518665
1b,64,1,13,pca,5.0
1b,64,1,13,pr,6.430749985698488
1b,64,1,13,2nn,19.451983075942646
1b,64,1,14,mle,13.856877491694206
1b,64,1,14,pca,5.0
1b,64,1,14,pr,6.133017189692347
1b,64,1,14,2nn,19.071711683014023
1b,64,1,15,mle,13.594182117335952
1b,64,1,15,pca,5.0
1b,64,1,15,pr,6.095530434247484
1b,64,1,15,2nn,18.862992982372017
1b,64,2,0,mle,16.93975600557153
1b,64,2,0,pca,8.0
1b,64,2,0,pr,32.465091441628815
1b,64,2,0,2nn,25.762634797812655
1b,64,2,1,mle,18.69093828844427
1b,64,2,1,pca,6.0
1b,64,2,1,pr,20.875233090832396
1b,64,2,1,2nn,29.285445347684032
1b,64,2,2,mle,18.5395687960881
1b,64,2,2,pca,5.0
1b,64,2,2,pr,16.127403558440953
1b,64,2,2,2nn,27.093027863817024
1b,64,2,3,mle,18.05163975666066
1b,64,2,3,pca,5.0
1b,64,2,3,pr,13.454760504263016
1b,64,2,3,2nn,24.52107510231135
1b,64,2,4,mle,17.56021560203722
1b,64,2,4,pca,5.0
1b,64,2,4,pr,12.02135002109952
1b,64,2,4,2nn,22.80216368291846
1b,64,2,5,mle,17.022094601194695
1b,64,2,5,pca,5.0
1b,64,2,5,pr,10.772585174739135
1b,64,2,5,2nn,21.469025119442843
1b,64,2,6,mle,16.539875630039848
1b,64,2,6,pca,5.0
1b,64,2,6,pr,9.891912941402895
1b,64,2,6,2nn,20.53414033092871
1b,64,2,7,mle,16.011290160703542
1b,64,2,7,pca,5.0
1b,64,2,7,pr,9.261546711138614
1b,64,2,7,2nn,19.73995973207479
1b,64,2,8,mle,15.534692350857538
1b,64,2,8,pca,5.0
1b,64,2,8,pr,8.710151935249316
1b,64,2,8,2nn,19.01395635537601
1b,64,2,9,mle,15.014770773911772
1b,64,2,9,pca,5.0
1b,64,2,9,pr,8.154709338104356
1b,64,2,9,2nn,18.459348798445323
1b,64,2,10,mle,14.56931083997886
1b,64,2,10,pca,5.0
1b,64,2,10,pr,7.664276128456865
1b,64,2,10,2nn,17.9486958782249
1b,64,2,11,mle,14.186936353135744
1b,64,2,11,pca,5.0
1b,64,2,11,pr,7.203771648895543
1b,64,2,11,2nn,17.58469903756995
1b,64,2,12,mle,13.873345073683117
1b,64,2,12,pca,5.0
1b,64,2,12,pr,6.826291201337125
1b,64,2,12,2nn,17.22511801211045
1b,64,2,13,mle,13.558831875507453
1b,64,2,13,pca,5.0
1b,64,2,13,pr,6.462087145434231
1b,64,2,13,2nn,16.970701919651486
1b,64,2,14,mle,13.270942460427287
1b,64,2,14,pca,5.0
1b,64,2,14,pr,6.163144301503285
1b,64,2,14,2nn,16.74695998040062
1b,64,2,15,mle,13.06882176397645
1b,64,2,15,pca,5.0
1b,64,2,15,pr,6.107039005882593
1b,64,2,15,2nn,16.537360500956144
1b,64,3,0,mle,13.608293800001311
1b,64,3,0,pca,9.0
1b,64,3,0,pr,33.85283829630434
1b,64,3,0,2nn,19.044685457948358
1b,64,3,1,mle,15.58006866225331
1b,64,3,1,pca,6.0
1b,64,3,1,pr,21.73229445853033
1b,64,3,1,2nn,23.477250235842014
1b,64,3,2,mle,15.94245131567
1b,64,3,2,pca,5.0
1b,64,3,2,pr,16.75535585938164
1b,64,3,2,2nn,22.66654843610958
1b,64,3,3,mle,15.825888458235672
1b,64,3,3,pca,5.0
1b,64,3,3,pr,13.932682860434738
1b,64,3,3,2nn,21.146965556994402
1b,64,3,4,mle,15.62981283385774
1b,64,3,4,pca,5.0
1b,64,3,4,pr,12.388901002749822
1b,64,3,4,2nn,19.785605915727018
1b,64,3,5,mle,15.310862758811568
1b,64,3,5,pca,5.0
1b,64,3,5,pr,11.060840911560273
1b,64,3,5,2nn,18.65260260998694
1b,64,3,6,mle,14.946756583772547
1b,64,3,6,pca,5.0
1b,64,3,6,pr,10.119642933950352
1b,64,3,6,2nn,17.79505220871849
1b,64,3,7,mle,14.585332121411126
1b,64,3,7,pca,5.0
1b,64,3,7,pr,9.44376075855545
1b,64,3,7,2nn,17.133107920249035
1b,64,3,8,mle,14.237325740677766
1b,64,3,8,pca,5.0
1b,64,3,8,pr,8.850975589711437
1b,64,3,8,2nn,16.60255982242794
1b,64,3,9,mle,13.840487952932952
1b,64,3,9,pca,5.0
1b,64,3,9,pr,8.262797137940645
1b,64,3,9,2nn,16.15113485532626
1b,64,3,10,mle,13.50217478756421
1b,64,3,10,pca,5.0
1b,64,3,10,pr,7.748352881224789
1b,64,3,10,2nn,15.808660493144114
1b,64,3,11,mle,13.187209191785024
1b,64,3,11,pca,5.0
1b,64,3,11,pr,7.265547769258702
1b,64,3,11,2nn,15.5902423210955
1b,64,3,12,mle,12.883425895859743
1b,64,3,12,pca,5.0
1b,64,3,12,pr,6.873349798147435
1b,64,3,12,2nn,15.37935203382524
1b,64,3,13,mle,12.619974779559085
1b,64,3,13,pca,5.0
1b,64,3,13,pr,6.49524687111996
1b,64,3,13,2nn,15.188634801977262
1b,64,3,14,mle,12.394496498675275
1b,64,3,14,pca,5.0
1b,64,3,14,pr,6.1862206862051705
1b,64,3,14,2nn,15.061903772995187
1b,64,3,15,mle,12.215426130506641
1b,64,3,15,pca,5.0
1b,64,3,15,pr,6.126429488896431
1b,64,3,15,2nn,14.943980623331681
1b,64,4,0,mle,12.310779024126555
1b,64,4,0,pca,8.0
1b,64,4,0,pr,32.464844280141136
1b,64,4,0,2nn,12.737669741680774
1b,64,4,1,mle,14.005604235443066
1b,64,4,1,pca,6.0
1b,64,4,1,pr,20.89223225678984
1b,64,4,1,2nn,17.285572579460165
1b,64,4,2,mle,14.429294022876821
1b,64,4,2,pca,5.0
1b,64,4,2,pr,16.13624737228419
1b,64,4,2,2nn,18.166722013013686
1b,64,4,3,mle,14.521378470660428
1b,64,4,3,pca,5.0
1b,64,4,3,pr,13.451284318264513
1b,64,4,3,2nn,17.335876869683467
1b,64,4,4,mle,14.502998080632771
1b,64,4,4,pca,5.0
1b,64,4,4,pr,12.002301491898097
1b,64,4,4,2nn,16.472655644152855
1b,64,4,5,mle,14.282215401181544
1b,64,4,5,pca,5.0
1b,64,4,5,pr,10.740153277949016
1b,64,4,5,2nn,15.663799283288775
1b,64,4,6,mle,14.066609635311726
1b,64,4,6,pca,5.0
1b,64,4,6,pr,9.845083630930915
1b,64,4,6,2nn,15.102978652936597
1b,64,4,7,mle,13.758745714828008
1b,64,4,7,pca,5.0
1b,64,4,7,pr,9.21863551382881
1b,64,4,7,2nn,14.620708943508191
1b,64,4,8,mle,13.509512395518902
1b,64,4,8,pca,5.0
1b,64,4,8,pr,8.66185596403933
1b,64,4,8,2nn,14.273635577520826
1b,64,4,9,mle,13.222356945267977
1b,64,4,9,pca,5.0
1b,64,4,9,pr,8.097865776945378
1b,64,4,9,2nn,13.96296636597633
1b,64,4,10,mle,12.937288890381266
1b,64,4,10,pca,5.0
1b,64,4,10,pr,7.609459766226105
1b,64,4,10,2nn,13.741331681366585
1b,64,4,11,mle,12.665049765883406
1b,64,4,11,pca,5.0
1b,64,4,11,pr,7.149828247764565
1b,64,4,11,2nn,13.574704901294394
1b,64,4,12,mle,12.417724236917799
1b,64,4,12,pca,5.0
1b,64,4,12,pr,6.771386690128842
1b,64,4,12,2nn,13.40945670861608
1b,64,4,13,mle,12.226042797482647
1b,64,4,13,pca,5.0
1b,64,4,13,pr,6.4093343752626595
1b,64,4,13,2nn,13.289584509773984
1b,64,4,14,mle,12.029685560383788
1b,64,4,14,pca,5.0
1b,64,4,14,pr,6.1124658147543505
1b,64,4,14,2nn,13.179784139030831
1b,64,4,15,mle,11.8923034585266
1b,64,4,15,pca,5.0
1b,64,4,15,pr,6.038811450829431
1b,64,4,15,2nn,13.134038290219427
1b,512,1,0,mle,19.49158785621834
1b,512,1,0,pca,7.0
1b,512,1,0,pr,18.20126439030181
1b,512,1,0,2nn,34.22988790947746
1b,512,1,1,mle,13.999325979527939
1b,512,1,1,pca,8.0
1b,512,1,1,pr,16.792360670156544
1b,512,1,1,2nn,28.712154182225724
1b,512,1,2,mle,15.157044343672023
1b,512,1,2,pca,11.0
1b,512,1,2,pr,18.435229763179724
1b,512,1,2,2nn,30.057810786007746
1b,512,1,3,mle,9.233048027740516
1b,512,1,3,pca,18.0
1b,512,1,3,pr,25.27445515684729
1b,512,1,3,2nn,16.183111797292717
1b,512,1,4,mle,10.314763901375557
1b,512,1,4,pca,18.0
1b,512,1,4,pr,26.197159252753767
1b,512,1,4,2nn,17.677661318508004
1b,512,1,5,mle,10.80421952832811
1b,512,1,5,pca,18.0
1b,512,1,5,pr,25.681154807493847
1b,512,1,5,2nn,18.17265038766385
1b,512,1,6,mle,11.048435475346048
1b,512,1,6,pca,18.0
1b,512,1,6,pr,24.704968064210956
1b,512,1,6,2nn,17.975074146771146
1b,512,1,7,mle,11.371664609281845
1b,512,1,7,pca,18.0
1b,512,1,7,pr,23.648431966793755
1b,512,1,7,2nn,18.16961826041059
1b,512,1,8,mle,11.618099291575342
1b,512,1,8,pca,18.0
1b,512,1,8,pr,22.551167190936024
1b,512,1,8,2nn,18.415308656835904
1b,512,1,9,mle,11.906762023398175
1b,512,1,9,pca,18.0
1b,512,1,9,pr,21.307327380408196
1b,512,1,9,2nn,18.586411198665704
1b,512,1,10,mle,12.137830529873304
1b,512,1,10,pca,17.0
1b,512,1,10,pr,19.8178118631805
1b,512,1,10,2nn,18.721759297341478
1b,512,1,11,mle,12.42304813983598
1b,512,1,11,pca,17.0
1b,512,1,11,pr,18.61232715790147
1b,512,1,11,2nn,18.906470752572716
1b,512,1,12,mle,12.629566318389232
1b,512,1,12,pca,16.0
1b,512,1,12,pr,17.751984713107742
1b,512,1,12,2nn,19.10386223504799
1b,512,1,13,mle,12.876081902808775
1b,512,1,13,pca,15.0
1b,512,1,13,pr,17.48796663049913
1b,512,1,13,2nn,19.27242003554066
1b,512,1,14,mle,13.113514726567624
1b,512,1,14,pca,16.0
1b,512,1,14,pr,16.87172481246486
1b,512,1,14,2nn,18.721208384707655
1b,512,1,15,mle,13.612538618208921
1b,512,1,15,pca,19.0
1b,512,1,15,pr,21.11759388957502
1b,512,1,15,2nn,18.512273482083657
1b,512,2,0,mle,15.662432099439876
1b,512,2,0,pca,7.0
1b,512,2,0,pr,19.325456703994586
1b,512,2,0,2nn,25.125894562799303
1b,512,2,1,mle,12.558079434044272
1b,512,2,1,pca,8.0
1b,512,2,1,pr,17.696895121432906
1b,512,2,1,2nn,24.84260229759548
1b,512,2,2,mle,13.495330502281123
1b,512,2,2,pca,11.0
1b,512,2,2,pr,19.23488801455387
1b,512,2,2,2nn,26.75445505450126
1b,512,2,3,mle,8.859598364504071
1b,512,2,3,pca,19.0
1b,512,2,3,pr,26.126624133625594
1b,512,2,3,2nn,14.995973590522048
1b,512,2,4,mle,9.879085713113067
1b,512,2,4,pca,19.0
1b,512,2,4,pr,27.07550535982486
1b,512,2,4,2nn,16.44863832153088
1b,512,2,5,mle,10.375209777155616
1b,512,2,5,pca,19.0
1b,512,2,5,pr,26.468332139060976
1b,512,2,5,2nn,17.065797395359414
1b,512,2,6,mle,10.620903392686644
1b,512,2,6,pca,19.0
1b,512,2,6,pr,25.42791574667644
1b,512,2,6,2nn,17.039720776321417
1b,512,2,7,mle,10.922844234980527
1b,512,2,7,pca,18.0
1b,512,2,7,pr,24.30104018260922
1b,512,2,7,2nn,17.363992432074795
1b,512,2,8,mle,11.152961180398547
1b,512,2,8,pca,18.0
1b,512,2,8,pr,23.138334747765352
1b,512,2,8,2nn,17.53915486006777
1b,512,2,9,mle,11.386711790515246
1b,512,2,9,pca,18.0
1b,512,2,9,pr,21.85058829781524
1b,512,2,9,2nn,17.853500861679514
1b,512,2,10,mle,11.59504088948775
1b,512,2,10,pca,17.0
1b,512,2,10,pr,20.338200772513506
1b,512,2,10,2nn,18.062031370845663
1b,512,2,11,mle,11.804962763709002
1b,512,2,11,pca,17.0
1b,512,2,11,pr,19.14073397292796
1b,512,2,11,2nn,18.25619801874384
1b,512,2,12,mle,12.021960371523015
1b,512,2,12,pca,17.0
1b,512,2,12,pr,18.308352007740147
1b,512,2,12,2nn,18.41452397835531
1b,512,2,13,mle,12.255215141945332
1b,512,2,13,pca,17.0
1b,512,2,13,pr,18.092515077809832
1b,512,2,13,2nn,18.401181517785304
1b,512,2,14,mle,12.499072480763141
1b,512,2,14,pca,17.0
1b,512,2,14,pr,17.52367828356695
1b,512,2,14,2nn,17.956701898874538
1b,512,2,15,mle,12.982612301311502
1b,512,2,15,pca,20.0
1b,512,2,15,pr,21.932961020220908
1b,512,2,15,2nn,17.692657197012736
1b,512,3,0,mle,13.372030748390893
1b,512,3,0,pca,6.0
1b,512,3,0,pr,18.587795646237623
1b,512,3,0,2nn,19.02169311416498
1b,512,3,1,mle,11.660635587678557
1b,512,3,1,pca,8.0
1b,512,3,1,pr,17.025006520924556
1b,512,3,1,2nn,22.284890860630853
1b,512,3,2,mle,12.736217136033074
1b,512,3,2,pca,11.0
1b,512,3,2,pr,18.635606125636325
1b,512,3,2,2nn,23.78845428146019
1b,512,3,3,mle,8.824570424586998
1b,512,3,3,pca,18.0
1b,512,3,3,pr,25.480047773899642
1b,512,3,3,2nn,14.528320717694289
1b,512,3,4,mle,9.828002225377718
1b,512,3,4,pca,19.0
1b,512,3,4,pr,26.393367312116087
1b,512,3,4,2nn,16.093332555945874
1b,512,3,5,mle,10.306030704549567
1b,512,3,5,pca,18.0
1b,512,3,5,pr,25.82351617090996
1b,512,3,5,2nn,16.61370844937043
1b,512,3,6,mle,10.556772705920055
1b,512,3,6,pca,19.0
1b,512,3,6,pr,24.807287791082246
1b,512,3,6,2nn,16.365886999038995
1b,512,3,7,mle,10.795432711237195
1b,512,3,7,pca,18.0
1b,512,3,7,pr,23.7364897428412
1b,512,3,7,2nn,16.57986140614573
1b,512,3,8,mle,11.019703382926942
1b,512,3,8,pca,18.0
1b,512,3,8,pr,22.617294041602314
1b,512,3,8,2nn,16.830554371191624
1b,512,3,9,mle,11.265862037879142
1b,512,3,9,pca,18.0
1b,512,3,9,pr,21.387717765790985
1b,512,3,9,2nn,17.10117672037911
1b,512,3,10,mle,11.456646234182445
1b,512,3,10,pca,17.0
1b,512,3,10,pr,19.945858474696518
1b,512,3,10,2nn,17.326617912283183
1b,512,3,11,mle,11.651157527575648
1b,512,3,11,pca,17.0
1b,512,3,11,pr,18.809552235831276
1b,512,3,11,2nn,17.60339516380164
1b,512,3,12,mle,11.846115896584331
1b,512,3,12,pca,16.0
1b,512,3,12,pr,18.019060727050803
1b,512,3,12,2nn,17.85984444681716
1b,512,3,13,mle,12.059101951898143
1b,512,3,13,pca,15.0
1b,512,3,13,pr,17.818501339439365
1b,512,3,13,2nn,17.987225958578954
1b,512,3,14,mle,12.29893635043821
1b,512,3,14,pca,16.0
1b,512,3,14,pr,17.27335731897789
1b,512,3,14,2nn,17.385015052684384
1b,512,3,15,mle,12.733932985540308
1b,512,3,15,pca,19.0
1b,512,3,15,pr,21.705040228464945
1b,512,3,15,2nn,17.199529835355882
1b,512,4,0,mle,11.031143655493374
1b,512,4,0,pca,7.0
1b,512,4,0,pr,18.44526377575997
1b,512,4,0,2nn,13.316854117240837
1b,512,4,1,mle,10.075448496545652
1b,512,4,1,pca,9.0
1b,512,4,1,pr,16.889321996722
1b,512,4,1,2nn,18.324051429571806
1b,512,4,2,mle,11.060562152376225
1b,512,4,2,pca,11.0
1b,512,4,2,pr,18.592207731753636
1b,512,4,2,2nn,20.15135857072661
1b,512,4,3,mle,8.39525846281356
1b,512,4,3,pca,18.0
1b,512,4,3,pr,25.5349346307873
1b,512,4,3,2nn,13.31866105466647
1b,512,4,4,mle,9.413682201952357
1b,512,4,4,pca,19.0
1b,512,4,4,pr,26.402998184498042
1b,512,4,4,2nn,14.818165625445673
1b,512,4,5,mle,9.831095063227572
1b,512,4,5,pca,18.0
1b,512,4,5,pr,25.831697546151627
1b,512,4,5,2nn,15.39413214935855
1b,512,4,6,mle,10.068369900627248
1b,512,4,6,pca,19.0
1b,512,4,6,pr,24.82968714728196
1b,512,4,6,2nn,15.57570626599044
1b,512,4,7,mle,10.312510092645914
1b,512,4,7,pca,18.0
1b,512,4,7,pr,23.773160472648602
1b,512,4,7,2nn,15.893503835640391
1b,512,4,8,mle,10.527171097126844
1b,512,4,8,pca,18.0
1b,512,4,8,pr,22.67209615964529
1b,512,4,8,2nn,16.03717877799175
1b,512,4,9,mle,10.742248575401199
1b,512,4,9,pca,18.0
1b,512,4,9,pr,21.417831832308938
1b,512,4,9,2nn,16.327676764330725
1b,512,4,10,mle,10.929552628620396
1b,512,4,10,pca,17.0
1b,512,4,10,pr,19.96821372994504
1b,512,4,10,2nn,16.570753640046853
1b,512,4,11,mle,11.133960357761692
1b,512,4,11,pca,17.0
1b,512,4,11,pr,18.814637455785792
1b,512,4,11,2nn,16.851045752711563
1b,512,4,12,mle,11.30871664632327
1b,512,4,12,pca,17.0
1b,512,4,12,pr,18.02331603385244
1b,512,4,12,2nn,17.0748234594037
1b,512,4,13,mle,11.50529192213284
1b,512,4,13,pca,16.0
1b,512,4,13,pr,17.811641607581244
1b,512,4,13,2nn,17.16135264464014
1b,512,4,14,mle,11.706130673045655
1b,512,4,14,pca,17.0
1b,512,4,14,pr,17.23773012894825
1b,512,4,14,2nn,16.658468695167674
1b,512,4,15,mle,12.185571443509433
1b,512,4,15,pca,20.0
1b,512,4,15,pr,21.730667470064486
1b,512,4,15,2nn,16.71907321003446
1b,2000,1,0,mle,10.515556128208706
1b,2000,1,0,pca,20.0
1b,2000,1,0,pr,27.446097927436117
1b,2000,1,0,2nn,20.337678233365224
1b,2000,1,1,mle,9.522245785767167
1b,2000,1,1,pca,41.0
1b,2000,1,1,pr,46.09010030613303
1b,2000,1,1,2nn,17.100069146901568
1b,2000,1,2,mle,9.898225568246254
1b,2000,1,2,pca,17.0
1b,2000,1,2,pr,27.04317738945335
1b,2000,1,2,2nn,17.846730817557468
1b,2000,1,3,mle,10.351234943834319
1b,2000,1,3,pca,1.0
1b,2000,1,3,pr,2.397746987922766
1b,2000,1,3,2nn,14.141708878847856
1b,2000,1,4,mle,10.880416475847962
1b,2000,1,4,pca,1.0
1b,2000,1,4,pr,2.428476132223903
1b,2000,1,4,2nn,15.645919093325066
1b,2000,1,5,mle,11.282522248313825
1b,2000,1,5,pca,1.0
1b,2000,1,5,pr,2.635115821801806
1b,2000,1,5,2nn,16.911076717266898
1b,2000,1,6,mle,11.87899977497824
1b,2000,1,6,pca,2.0
1b,2000,1,6,pr,3.0745209395782376
1b,2000,1,6,2nn,17.50880291776956
1b,2000,1,7,mle,12.305763368151016
1b,2000,1,7,pca,2.0
1b,2000,1,7,pr,3.5473577661312357
1b,2000,1,7,2nn,18.1072901601946
1b,2000,1,8,mle,12.73897038697678
1b,2000,1,8,pca,2.0
1b,2000,1,8,pr,4.084994012195654
1b,2000,1,8,2nn,18.79212681564118
1b,2000,1,9,mle,13.519361141935224
1b,2000,1,9,pca,3.0
1b,2000,1,9,pr,4.896586527446958
1b,2000,1,9,2nn,19.8165153980893
1b,2000,1,10,mle,13.6313518206427
1b,2000,1,10,pca,5.0
1b,2000,1,10,pr,6.237997815081098
1b,2000,1,10,2nn,19.800506004403367
1b,2000,1,11,mle,14.477376130674523
1b,2000,1,11,pca,6.0
1b,2000,1,11,pr,9.568590284015313
1b,2000,1,11,2nn,21.377964661969564
1b,2000,1,12,mle,14.700497915221856
1b,2000,1,12,pca,11.0
1b,2000,1,12,pr,20.15390814471344
1b,2000,1,12,2nn,21.495973997887383
1b,2000,1,13,mle,15.422491435609734
1b,2000,1,13,pca,21.0
1b,2000,1,13,pr,38.5643598319931
1b,2000,1,13,2nn,21.937791237669444
1b,2000,1,14,mle,16.251077265508048
1b,2000,1,14,pca,28.0
1b,2000,1,14,pr,44.353614732244885
1b,2000,1,14,2nn,22.01297062780184
1b,2000,1,15,mle,17.2096956545509
1b,2000,1,15,pca,33.0
1b,2000,1,15,pr,50.586377971809426
1b,2000,1,15,2nn,22.125152326620892
1b,2000,2,0,mle,9.327881535485133
1b,2000,2,0,pca,20.0
1b,2000,2,0,pr,27.546749635507112
1b,2000,2,0,2nn,17.575833161373005
1b,2000,2,1,mle,8.939023597592204
1b,2000,2,1,pca,40.0
1b,2000,2,1,pr,45.75166362684543
1b,2000,2,1,2nn,15.634305617242621
1b,2000,2,2,mle,9.361815982709727
1b,2000,2,2,pca,17.0
1b,2000,2,2,pr,26.968988763374536
1b,2000,2,2,2nn,16.740196187723917
1b,2000,2,3,mle,9.90994948864286
1b,2000,2,3,pca,1.0
1b,2000,2,3,pr,2.392011904853413
1b,2000,2,3,2nn,12.767544976657982
1b,2000,2,4,mle,10.405978510769739
1b,2000,2,4,pca,1.0
1b,2000,2,4,pr,2.4230423231030347
1b,2000,2,4,2nn,14.100685220617613
1b,2000,2,5,mle,10.696788741535487
1b,2000,2,5,pca,1.0
1b,2000,2,5,pr,2.6304917365187706
1b,2000,2,5,2nn,15.165201276056006
1b,2000,2,6,mle,11.241090703433112
1b,2000,2,6,pca,2.0
1b,2000,2,6,pr,3.0678385558415853
1b,2000,2,6,2nn,16.23639537516923
1b,2000,2,7,mle,11.699799897916353
1b,2000,2,7,pca,2.0
1b,2000,2,7,pr,3.5375330130525273
1b,2000,2,7,2nn,16.95476595132519
1b,2000,2,8,mle,12.063816365082088
1b,2000,2,8,pca,2.0
1b,2000,2,8,pr,4.069831954640326
1b,2000,2,8,2nn,17.503180171115634
1b,2000,2,9,mle,12.838554370677564
1b,2000,2,9,pca,3.0
1b,2000,2,9,pr,4.874454820821643
1b,2000,2,9,2nn,18.464260783310667
1b,2000,2,10,mle,12.955290210230933
1b,2000,2,10,pca,5.0
1b,2000,2,10,pr,6.209348249635714
1b,2000,2,10,2nn,18.44246520720472
1b,2000,2,11,mle,13.737396257809436
1b,2000,2,11,pca,6.0
1b,2000,2,11,pr,9.51888617485503
1b,2000,2,11,2nn,19.69639300466013
1b,2000,2,12,mle,13.94401821732501
1b,2000,2,12,pca,11.0
1b,2000,2,12,pr,19.99837527876826
1b,2000,2,12,2nn,19.735003516633352
1b,2000,2,13,mle,14.656960312463987
1b,2000,2,13,pca,21.0
1b,2000,2,13,pr,38.02580312666351
1b,2000,2,13,2nn,20.088895231279476
1b,2000,2,14,mle,15.45753707704664
1b,2000,2,14,pca,27.0
1b,2000,2,14,pr,43.730252934976725
1b,2000,2,14,2nn,20.307953712369166
1b,2000,2,15,mle,16.21255063646415
1b,2000,2,15,pca,33.0
1b,2000,2,15,pr,49.354574449219335
1b,2000,2,15,2nn,20.676423696680487
1b,2000,3,0,mle,8.701664603615075
1b,2000,3,0,pca,20.0
1b,2000,3,0,pr,27.963261650908713
1b,2000,3,0,2nn,15.962985029334854
1b,2000,3,1,mle,8.614529218626712
1b,2000,3,1,pca,43.0
1b,2000,3,1,pr,46.65721375992418
1b,2000,3,1,2nn,14.774649155503429
1b,2000,3,2,mle,9.116705884789022
1b,2000,3,2,pca,17.0
1b,2000,3,2,pr,26.883687908932135
1b,2000,3,2,2nn,15.839505902324207
1b,2000,3,3,mle,9.754242909747191
1b,2000,3,3,pca,1.0
1b,2000,3,3,pr,2.3654150354963464
1b,2000,3,3,2nn,12.246484971684177
1b,2000,3,4,mle,10.265328212327395
1b,2000,3,4,pca,1.0
1b,2000,3,4,pr,2.3941954840885695
1b,2000,3,4,2nn,13.551919194515316
1b,2000,3,5,mle,10.582755350113374
1b,2000,3,5,pca,1.0
1b,2000,3,5,pr,2.5943678849821232
1b,2000,3,5,2nn,14.449363616255786
1b,2000,3,6,mle,11.069288919340037
1b,2000,3,6,pca,1.0
1b,2000,3,6,pr,3.0199747686850675
1b,2000,3,6,2nn,15.438668785300314
1b,2000,3,7,mle,11.45273553141941
1b,2000,3,7,pca,2.0
1b,2000,3,7,pr,3.479655390291552
1b,2000,3,7,2nn,16.21048019315478
1b,2000,3,8,mle,11.812195079928024
1b,2000,3,8,pca,2.0
1b,2000,3,8,pr,4.002052951756272
1b,2000,3,8,2nn,16.796752675831158
1b,2000,3,9,mle,12.483485599708604
1b,2000,3,9,pca,3.0
1b,2000,3,9,pr,4.791144690638901
1b,2000,3,9,2nn,17.780040321704693
1b,2000,3,10,mle,12.575986819657002
1b,2000,3,10,pca,5.0
1b,2000,3,10,pr,6.09593591684068
1b,2000,3,10,2nn,17.812258330982132
1b,2000,3,11,mle,13.244334219425022
1b,2000,3,11,pca,6.0
1b,2000,3,11,pr,9.331839946424166
1b,2000,3,11,2nn,18.893805483428824
1b,2000,3,12,mle,13.406966323125948
1b,2000,3,12,pca,11.0
1b,2000,3,12,pr,19.67674571412682
1b,2000,3,12,2nn,18.960008697988773
1b,2000,3,13,mle,14.004011524479443
1b,2000,3,13,pca,21.0
1b,2000,3,13,pr,37.90466516409496
1b,2000,3,13,2nn,19.2684317269818
1b,2000,3,14,mle,14.69066119932335
1b,2000,3,14,pca,27.0
1b,2000,3,14,pr,43.71154066725611
1b,2000,3,14,2nn,19.368613190426576
1b,2000,3,15,mle,15.36539587658323
1b,2000,3,15,pca,33.0
1b,2000,3,15,pr,49.56815251489647
1b,2000,3,15,2nn,19.965923312618667
1b,2000,4,0,mle,7.6605718796089235
1b,2000,4,0,pca,19.0
1b,2000,4,0,pr,27.141414648235333
1b,2000,4,0,2nn,13.315314813862539
1b,2000,4,1,mle,7.970109524181517
1b,2000,4,1,pca,41.0
1b,2000,4,1,pr,45.78792690667474
1b,2000,4,1,2nn,13.18337921916624
1b,2000,4,2,mle,8.498923930605002
1b,2000,4,2,pca,18.0
1b,2000,4,2,pr,27.660388272745635
1b,2000,4,2,2nn,14.308951459761435
1b,2000,4,3,mle,9.466466741533699
1b,2000,4,3,pca,1.0
1b,2000,4,3,pr,2.4453713396614365
1b,2000,4,3,2nn,11.258975180051996
1b,2000,4,4,mle,9.981746127836944
1b,2000,4,4,pca,1.0
1b,2000,4,4,pr,2.4769962543987867
1b,2000,4,4,2nn,12.628270794889191
1b,2000,4,5,mle,10.22576771018103
1b,2000,4,5,pca,1.0
1b,2000,4,5,pr,2.6927939961444105
1b,2000,4,5,2nn,13.567828473528065
1b,2000,4,6,mle,10.624019190943313
1b,2000,4,6,pca,2.0
1b,2000,4,6,pr,3.1482883103264196
1b,2000,4,6,2nn,14.32925562454692
1b,2000,4,7,mle,11.020622884114392
1b,2000,4,7,pca,2.0
1b,2000,4,7,pr,3.6396527478860023
1b,2000,4,7,2nn,14.99798174396201
1b,2000,4,8,mle,11.329668290690275
1b,2000,4,8,pca,2.0
1b,2000,4,8,pr,4.198134694596968
1b,2000,4,8,2nn,15.504052740548984
1b,2000,4,9,mle,11.943718594006503
1b,2000,4,9,pca,3.0
1b,2000,4,9,pr,5.038615637598122
1b,2000,4,9,2nn,16.508821597359624
1b,2000,4,10,mle,12.032466118349042
1b,2000,4,10,pca,5.0
1b,2000,4,10,pr,6.430665968211433
1b,2000,4,10,2nn,16.666122840390628
1b,2000,4,11,mle,12.404838547281344
1b,2000,4,11,pca,7.0
1b,2000,4,11,pr,9.88029979161173
1b,2000,4,11,2nn,17.596256759613453
1b,2000,4,12,mle,12.56917021781811
1b,2000,4,12,pca,12.0
1b,2000,4,12,pr,20.724303279562225
1b,2000,4,12,2nn,17.690890919830146
1b,2000,4,13,mle,13.118706666637221
1b,2000,4,13,pca,22.0
1b,2000,4,13,pr,39.10009916893495
1b,2000,4,13,2nn,17.9841647240218
1b,2000,4,14,mle,13.712883081246837
1b,2000,4,14,pca,29.0
1b,2000,4,14,pr,44.65531304465031
1b,2000,4,14,2nn,18.251402679689985
1b,2000,4,15,mle,14.373879344610124
1b,2000,4,15,pca,34.0
1b,2000,4,15,pr,50.30657793032691
1b,2000,4,15,2nn,18.3687815782591
1b,4000,1,0,mle,11.091184637752237
1b,4000,1,0,pca,17.0
1b,4000,1,0,pr,28.0705482557708
1b,4000,1,0,2nn,21.02910915671342
1b,4000,1,1,mle,9.559118299047356
1b,4000,1,1,pca,30.0
1b,4000,1,1,pr,45.90099823851777
1b,4000,1,1,2nn,16.738496513092386
1b,4000,1,2,mle,9.638120984788847
1b,4000,1,2,pca,19.0
1b,4000,1,2,pr,33.99192894444284
1b,4000,1,2,2nn,16.79809939584099
1b,4000,1,3,mle,9.615075598409385
1b,4000,1,3,pca,1.0
1b,4000,1,3,pr,1.2195662000185703
1b,4000,1,3,2nn,13.823103054715695
1b,4000,1,4,mle,9.99265188124451
1b,4000,1,4,pca,1.0
1b,4000,1,4,pr,1.2271509917286894
1b,4000,1,4,2nn,14.975172206048462
1b,4000,1,5,mle,10.321659619466798
1b,4000,1,5,pca,1.0
1b,4000,1,5,pr,1.2533069996181996
1b,4000,1,5,2nn,16.198726961656643
1b,4000,1,6,mle,10.762247629678203
1b,4000,1,6,pca,1.0
1b,4000,1,6,pr,1.300642226054152
1b,4000,1,6,2nn,16.373562801690003
1b,4000,1,7,mle,11.409282177911027
1b,4000,1,7,pca,1.0
1b,4000,1,7,pr,1.3456104534146016
1b,4000,1,7,2nn,17.167778981144096
1b,4000,1,8,mle,11.862540814390307
1b,4000,1,8,pca,1.0
1b,4000,1,8,pr,1.378369857640741
1b,4000,1,8,2nn,17.81813967348711
1b,4000,1,9,mle,12.887388122484873
1b,4000,1,9,pca,1.0
1b,4000,1,9,pr,1.4527162085008474
1b,4000,1,9,2nn,19.140146200661377
1b,4000,1,10,mle,13.151234558494142
1b,4000,1,10,pca,1.0
1b,4000,1,10,pr,1.520400438081791
1b,4000,1,10,2nn,19.42637687897958
1b,4000,1,11,mle,14.706055739198497
1b,4000,1,11,pca,1.0
1b,4000,1,11,pr,1.6863908089141104
1b,4000,1,11,2nn,21.769332165340224
1b,4000,1,12,mle,15.076132409107373
1b,4000,1,12,pca,1.0
1b,4000,1,12,pr,1.903675824472204
1b,4000,1,12,2nn,22.142786182889033
1b,4000,1,13,mle,16.332903138414935
1b,4000,1,13,pca,2.0
1b,4000,1,13,pr,3.8555148129640595
1b,4000,1,13,2nn,22.94716903720064
1b,4000,1,14,mle,17.673366357764717
1b,4000,1,14,pca,16.0
1b,4000,1,14,pr,34.05897521814074
1b,4000,1,14,2nn,23.357783604143446
1b,4000,1,15,mle,19.40058628635164
1b,4000,1,15,pca,24.0
1b,4000,1,15,pr,49.5756695899803
1b,4000,1,15,2nn,24.48727541660875
1b,4000,2,0,mle,10.039002455319915
1b,4000,2,0,pca,17.0
1b,4000,2,0,pr,30.183812147377854
1b,4000,2,0,2nn,19.19777464308106
1b,4000,2,1,mle,9.01066809929754
1b,4000,2,1,pca,31.0
1b,4000,2,1,pr,49.304529532379384
1b,4000,2,1,2nn,15.34486428172416
1b,4000,2,2,mle,9.089639794911694
1b,4000,2,2,pca,22.0
1b,4000,2,2,pr,38.416674561181736
1b,4000,2,2,2nn,15.591245248634339
1b,4000,2,3,mle,9.284698896948173
1b,4000,2,3,pca,1.0
1b,4000,2,3,pr,1.259154779645542
1b,4000,2,3,2nn,12.709346385372536
1b,4000,2,4,mle,9.59732636906219
1b,4000,2,4,pca,1.0
1b,4000,2,4,pr,1.2681756071229626
1b,4000,2,4,2nn,13.803051316587785
1b,4000,2,5,mle,9.786067352348516
1b,4000,2,5,pca,1.0
1b,4000,2,5,pr,1.2994725240846003
1b,4000,2,5,2nn,14.974568602181527
1b,4000,2,6,mle,10.186064676678606
1b,4000,2,6,pca,1.0
1b,4000,2,6,pr,1.3557181375583218
1b,4000,2,6,2nn,15.487701307969614
1b,4000,2,7,mle,10.846035551706075
1b,4000,2,7,pca,1.0
1b,4000,2,7,pr,1.4094255403325602
1b,4000,2,7,2nn,16.329718522846512
1b,4000,2,8,mle,11.270288651275097
1b,4000,2,8,pca,1.0
1b,4000,2,8,pr,1.448529506754719
1b,4000,2,8,2nn,16.801072005958552
1b,4000,2,9,mle,12.168870133200768
1b,4000,2,9,pca,1.0
1b,4000,2,9,pr,1.538590848397604
1b,4000,2,9,2nn,18.139629034876993
1b,4000,2,10,mle,12.369205528943844
1b,4000,2,10,pca,1.0
1b,4000,2,10,pr,1.6202397511376208
1b,4000,2,10,2nn,18.424757626868974
1b,4000,2,11,mle,13.688126044174243
1b,4000,2,11,pca,1.0
1b,4000,2,11,pr,1.8219708570683044
1b,4000,2,11,2nn,20.326220836526065
1b,4000,2,12,mle,14.049492141694824
1b,4000,2,12,pca,1.0
1b,4000,2,12,pr,2.087830727845012
1b,4000,2,12,2nn,20.648553109665617
1b,4000,2,13,mle,15.156978208820545
1b,4000,2,13,pca,3.0
1b,4000,2,13,pr,4.5194409096765655
1b,4000,2,13,2nn,21.424143361056966
1b,4000,2,14,mle,16.31901593325507
1b,4000,2,14,pca,19.0
1b,4000,2,14,pr,39.58695384060764
1b,4000,2,14,2nn,21.766629662211084
1b,4000,2,15,mle,17.758551275400013
1b,4000,2,15,pca,31.0
1b,4000,2,15,pr,56.21323564705265
1b,4000,2,15,2nn,22.67073030360323
1b,4000,3,0,mle,9.551713097464855
1b,4000,3,0,pca,17.0
1b,4000,3,0,pr,28.531185037050395
1b,4000,3,0,2nn,17.144274018295725
1b,4000,3,1,mle,8.921417854579746
1b,4000,3,1,pca,31.0
1b,4000,3,1,pr,46.434266476849665
1b,4000,3,1,2nn,13.90138364084319
1b,4000,3,2,mle,9.111273150463775
1b,4000,3,2,pca,19.0
1b,4000,3,2,pr,34.126814679025294
1b,4000,3,2,2nn,14.859982728266326
1b,4000,3,3,mle,9.320873615187175
1b,4000,3,3,pca,1.0
1b,4000,3,3,pr,1.2198688093502204
1b,4000,3,3,2nn,12.198094508366315
1b,4000,3,4,mle,9.674662138957283
1b,4000,3,4,pca,1.0
1b,4000,3,4,pr,1.2275554467536758
1b,4000,3,4,2nn,13.370298029626614
1b,4000,3,5,mle,9.95679253172548
1b,4000,3,5,pca,1.0
1b,4000,3,5,pr,1.2539927662737413
1b,4000,3,5,2nn,14.37235455346723
1b,4000,3,6,mle,10.43702007169092
1b,4000,3,6,pca,1.0
1b,4000,3,6,pr,1.3013104641063604
1b,4000,3,6,2nn,14.927079338215032
1b,4000,3,7,mle,11.107282593334832
1b,4000,3,7,pca,1.0
1b,4000,3,7,pr,1.346546648758827
1b,4000,3,7,2nn,15.826213205934113
1b,4000,3,8,mle,11.47246154000389
1b,4000,3,8,pca,1.0
1b,4000,3,8,pr,1.379573116728014
1b,4000,3,8,2nn,16.327078658104842
1b,4000,3,9,mle,12.393146981007355
1b,4000,3,9,pca,1.0
1b,4000,3,9,pr,1.4547052849873001
1b,4000,3,9,2nn,17.694712327430633
1b,4000,3,10,mle,12.684915312793459
1b,4000,3,10,pca,1.0
1b,4000,3,10,pr,1.523302967170986
1b,4000,3,10,2nn,17.969706011199023
1b,4000,3,11,mle,13.794891673634925
1b,4000,3,11,pca,1.0
1b,4000,3,11,pr,1.690350670094484
1b,4000,3,11,2nn,19.839345168515784
1b,4000,3,12,mle,14.088776617111172
1b,4000,3,12,pca,1.0
1b,4000,3,12,pr,1.9090192659428746
1b,4000,3,12,2nn,20.227502486176185
1b,4000,3,13,mle,15.013737614401416
1b,4000,3,13,pca,2.0
1b,4000,3,13,pr,3.877231111333301
1b,4000,3,13,2nn,20.989275448507417
1b,4000,3,14,mle,15.98434539450783
1b,4000,3,14,pca,16.0
1b,4000,3,14,pr,34.08337131703544
1b,4000,3,14,2nn,21.304449768912555
1b,4000,3,15,mle,17.255356294542526
1b,4000,3,15,pca,26.0
1b,4000,3,15,pr,49.62259571467587
1b,4000,3,15,2nn,22.00862211303274
1b,4000,4,0,mle,8.490781485969231
1b,4000,4,0,pca,17.0
1b,4000,4,0,pr,29.436335751465155
1b,4000,4,0,2nn,14.180686609312673
1b,4000,4,1,mle,8.27968395249675
1b,4000,4,1,pca,30.0
1b,4000,4,1,pr,46.99899008171808
1b,4000,4,1,2nn,12.147857455820365
1b,4000,4,2,mle,8.553567867822592
1b,4000,4,2,pca,19.0
1b,4000,4,2,pr,34.06573987324169
1b,4000,4,2,2nn,12.870632328129789
1b,4000,4,3,mle,9.083637078068994
1b,4000,4,3,pca,1.0
1b,4000,4,3,pr,1.217316732774719
1b,4000,4,3,2nn,10.72868268835017
1b,4000,4,4,mle,9.437263756989758
1b,4000,4,4,pca,1.0
1b,4000,4,4,pr,1.2247663526434103
1b,4000,4,4,2nn,11.885063850080623
1b,4000,4,5,mle,9.69325793203359
1b,4000,4,5,pca,1.0
1b,4000,4,5,pr,1.2506687077949277
1b,4000,4,5,2nn,12.968421046380396
1b,4000,4,6,mle,10.03844343021488
1b,4000,4,6,pca,1.0
1b,4000,4,6,pr,1.2973912224373707
1b,4000,4,6,2nn,13.3917010636302
1b,4000,4,7,mle,10.627695482533783
1b,4000,4,7,pca,1.0
1b,4000,4,7,pr,1.3416972415908384
1b,4000,4,7,2nn,14.275315089665904
1b,4000,4,8,mle,10.958382901218934
1b,4000,4,8,pca,1.0
1b,4000,4,8,pr,1.3737572459036764
1b,4000,4,8,2nn,14.805677399050783
1b,4000,4,9,mle,11.694366891722355
1b,4000,4,9,pca,1.0
1b,4000,4,9,pr,1.4472447484000506
1b,4000,4,9,2nn,16.30338806225213
1b,4000,4,10,mle,11.910710841630921
1b,4000,4,10,pca,1.0
1b,4000,4,10,pr,1.5139555817725425
1b,4000,4,10,2nn,16.733428756074186
1b,4000,4,11,mle,12.723251072677328
1b,4000,4,11,pca,1.0
1b,4000,4,11,pr,1.6782087478055279
1b,4000,4,11,2nn,17.986353311448543
1b,4000,4,12,mle,12.911566967968467
1b,4000,4,12,pca,1.0
1b,4000,4,12,pr,1.8927378116620586
1b,4000,4,12,2nn,18.32046526336379
1b,4000,4,13,mle,13.739124948380491
1b,4000,4,13,pca,2.0
1b,4000,4,13,pr,3.818209284949616
1b,4000,4,13,2nn,19.110408526183573
1b,4000,4,14,mle,14.612413031403328
1b,4000,4,14,pca,16.0
1b,4000,4,14,pr,33.84149203261385
1b,4000,4,14,2nn,19.462284353070775
1b,4000,4,15,mle,15.783232155157984
1b,4000,4,15,pca,27.0
1b,4000,4,15,pr,49.41428093849139
1b,4000,4,15,2nn,20.098255486437232
1b,8000,1,0,mle,11.154897629569192
1b,8000,1,0,pca,18.0
1b,8000,1,0,pr,33.236641187923674
1b,8000,1,0,2nn,21.858846727892985
1b,8000,1,1,mle,9.622572638704144
1b,8000,1,1,pca,36.0
1b,8000,1,1,pr,54.208900228827595
1b,8000,1,1,2nn,16.528141868462445
1b,8000,1,2,mle,9.328834981382164
1b,8000,1,2,pca,27.0
1b,8000,1,2,pr,45.92105044310309
1b,8000,1,2,2nn,16.27243550870762
1b,8000,1,3,mle,8.82993300831221
1b,8000,1,3,pca,1.0
1b,8000,1,3,pr,1.0992686500455946
1b,8000,1,3,2nn,13.402191577431408
1b,8000,1,4,mle,9.147310881983561
1b,8000,1,4,pca,1.0
1b,8000,1,4,pr,1.1030392896905308
1b,8000,1,4,2nn,14.38710002389715
1b,8000,1,5,mle,9.354948729273097
1b,8000,1,5,pca,1.0
1b,8000,1,5,pr,1.1148632540722665
1b,8000,1,5,2nn,15.168616062873431
1b,8000,1,6,mle,9.831980106040358
1b,8000,1,6,pca,1.0
1b,8000,1,6,pr,1.137520617653919
1b,8000,1,6,2nn,15.428550911657924
1b,8000,1,7,mle,10.669398154089858
1b,8000,1,7,pca,1.0
1b,8000,1,7,pr,1.159798976885809
1b,8000,1,7,2nn,16.376385831263296
1b,8000,1,8,mle,11.089081835848608
1b,8000,1,8,pca,1.0
1b,8000,1,8,pr,1.1752204054798363
1b,8000,1,8,2nn,16.838935945929556
1b,8000,1,9,mle,12.25454561358988
1b,8000,1,9,pca,1.0
1b,8000,1,9,pr,1.2107940038682736
1b,8000,1,9,2nn,18.55765140626767
1b,8000,1,10,mle,12.394250037057322
1b,8000,1,10,pca,1.0
1b,8000,1,10,pr,1.2419341983761891
1b,8000,1,10,2nn,18.83892951705223
1b,8000,1,11,mle,13.854967580253794
1b,8000,1,11,pca,1.0
1b,8000,1,11,pr,1.3048777649724614
1b,8000,1,11,2nn,20.90099169072109
1b,8000,1,12,mle,14.500321115550422
1b,8000,1,12,pca,1.0
1b,8000,1,12,pr,1.3582716737730212
1b,8000,1,12,2nn,21.58714222843167
1b,8000,1,13,mle,15.917183481432538
1b,8000,1,13,pca,1.0
1b,8000,1,13,pr,1.6438650843707634
1b,8000,1,13,2nn,22.867442733753865
1b,8000,1,14,mle,17.576124153016252
1b,8000,1,14,pca,8.0
1b,8000,1,14,pr,14.716885989845247
1b,8000,1,14,2nn,23.62072973225468
1b,8000,1,15,mle,19.80918097283577
1b,8000,1,15,pca,22.0
1b,8000,1,15,pr,47.048911915120826
1b,8000,1,15,2nn,24.98284090331127
1b,8000,2,0,mle,10.513359127971727
1b,8000,2,0,pca,16.0
1b,8000,2,0,pr,32.72035792716511
1b,8000,2,0,2nn,19.483597677350037
1b,8000,2,1,mle,9.289878628540734
1b,8000,2,1,pca,35.0
1b,8000,2,1,pr,53.757925612885714
1b,8000,2,1,2nn,15.279316437449035
1b,8000,2,2,mle,9.063756231181676
1b,8000,2,2,pca,27.0
1b,8000,2,2,pr,46.32674405261721
1b,8000,2,2,2nn,15.229796007927302
1b,8000,2,3,mle,8.6584882551296
1b,8000,2,3,pca,1.0
1b,8000,2,3,pr,1.1046763051707165
1b,8000,2,3,2nn,12.51391876005957
1b,8000,2,4,mle,9.041973060286558
1b,8000,2,4,pca,1.0
1b,8000,2,4,pr,1.1086622197148197
1b,8000,2,4,2nn,13.736821842102849
1b,8000,2,5,mle,9.266106749798148
1b,8000,2,5,pca,1.0
1b,8000,2,5,pr,1.1210882116924015
1b,8000,2,5,2nn,14.697398541248997
1b,8000,2,6,mle,9.694567499692532
1b,8000,2,6,pca,1.0
1b,8000,2,6,pr,1.1448785082772386
1b,8000,2,6,2nn,15.267238226915186
1b,8000,2,7,mle,10.552628077267906
1b,8000,2,7,pca,1.0
1b,8000,2,7,pr,1.1684800718854358
1b,8000,2,7,2nn,16.328691567849067
1b,8000,2,8,mle,10.896493336052579
1b,8000,2,8,pca,1.0
1b,8000,2,8,pr,1.184800634721179
1b,8000,2,8,2nn,16.88652665340597
1b,8000,2,9,mle,12.02096192289504
1b,8000,2,9,pca,1.0
1b,8000,2,9,pr,1.222836431108415
1b,8000,2,9,2nn,18.446125427794406
1b,8000,2,10,mle,12.1729057499513
1b,8000,2,10,pca,1.0
1b,8000,2,10,pr,1.255789692502399
1b,8000,2,10,2nn,18.701415470018716
1b,8000,2,11,mle,13.487041639607243
1b,8000,2,11,pca,1.0
1b,8000,2,11,pr,1.3226152732129242
1b,8000,2,11,2nn,20.418127210995983
1b,8000,2,12,mle,13.96249460650135
1b,8000,2,12,pca,1.0
1b,8000,2,12,pr,1.379663790646204
1b,8000,2,12,2nn,20.932780617251478
1b,8000,2,13,mle,15.267544402071945
1b,8000,2,13,pca,1.0
1b,8000,2,13,pr,1.6849970485167256
1b,8000,2,13,2nn,22.13476412451103
1b,8000,2,14,mle,16.71022569626903
1b,8000,2,14,pca,8.0
1b,8000,2,14,pr,15.863280437020782
1b,8000,2,14,2nn,22.745690417052725
1b,8000,2,15,mle,18.80517987377877
1b,8000,2,15,pca,23.0
1b,8000,2,15,pr,48.89540205643637
1b,8000,2,15,2nn,23.888604175583783
1b,8000,3,0,mle,9.825041065335752
1b,8000,3,0,pca,19.0
1b,8000,3,0,pr,33.07013664975548
1b,8000,3,0,2nn,17.676136373564447
1b,8000,3,1,mle,9.042210312127903
1b,8000,3,1,pca,35.0
1b,8000,3,1,pr,54.261116467566545
1b,8000,3,1,2nn,14.156020408417705
1b,8000,3,2,mle,8.95991539185014
1b,8000,3,2,pca,28.0
1b,8000,3,2,pr,46.63095153532039
1b,8000,3,2,2nn,14.493301575049431
1b,8000,3,3,mle,8.594696162427715
1b,8000,3,3,pca,1.0
1b,8000,3,3,pr,1.103637509398339
1b,8000,3,3,2nn,11.732708813804951
1b,8000,3,4,mle,8.942547044285943
1b,8000,3,4,pca,1.0
1b,8000,3,4,pr,1.1075005952630657
1b,8000,3,4,2nn,12.953688805764072
1b,8000,3,5,mle,9.139051729495993
1b,8000,3,5,pca,1.0
1b,8000,3,5,pr,1.1196085756934286
1b,8000,3,5,2nn,13.946999580999659
1b,8000,3,6,mle,9.622902372678485
1b,8000,3,6,pca,1.0
1b,8000,3,6,pr,1.1431263194113432
1b,8000,3,6,2nn,14.327172061149273
1b,8000,3,7,mle,10.452244124578845
1b,8000,3,7,pca,1.0
1b,8000,3,7,pr,1.1663604202313618
1b,8000,3,7,2nn,15.36067069515306
1b,8000,3,8,mle,10.860540095494866
1b,8000,3,8,pca,1.0
1b,8000,3,8,pr,1.1825181815379815
1b,8000,3,8,2nn,16.03750990549155
1b,8000,3,9,mle,11.903571234864556
1b,8000,3,9,pca,1.0
1b,8000,3,9,pr,1.2200843842596671
1b,8000,3,9,2nn,17.70128396070118
1b,8000,3,10,mle,12.032685505708578
1b,8000,3,10,pca,1.0
1b,8000,3,10,pr,1.2524943521466412
1b,8000,3,10,2nn,17.949077399782638
1b,8000,3,11,mle,13.265267316164252
1b,8000,3,11,pca,1.0
1b,8000,3,11,pr,1.3181651324788413
1b,8000,3,11,2nn,19.106828366704658
1b,8000,3,12,mle,13.689436575903551
1b,8000,3,12,pca,1.0
1b,8000,3,12,pr,1.3740541425711867
1b,8000,3,12,2nn,19.72920348936852
1b,8000,3,13,mle,14.763488067656318
1b,8000,3,13,pca,1.0
1b,8000,3,13,pr,1.6729582272376486
1b,8000,3,13,2nn,20.64417809580382
1b,8000,3,14,mle,15.998025319554593
1b,8000,3,14,pca,8.0
1b,8000,3,14,pr,15.30769622196179
1b,8000,3,14,2nn,21.327642828398528
1b,8000,3,15,mle,17.7142199562867
1b,8000,3,15,pca,23.0
1b,8000,3,15,pr,48.90707401022722
1b,8000,3,15,2nn,22.352796713910614
1b,8000,4,0,mle,8.838745626512747
1b,8000,4,0,pca,17.0
1b,8000,4,0,pr,33.51772859553009
1b,8000,4,0,2nn,15.524747055229694
1b,8000,4,1,mle,8.621485304827324
1b,8000,4,1,pca,35.0
1b,8000,4,1,pr,54.876602655277345
1b,8000,4,1,2nn,12.645852143381964
1b,8000,4,2,mle,8.581083962554162
1b,8000,4,2,pca,28.0
1b,8000,4,2,pr,46.92531152954864
1b,8000,4,2,2nn,12.812560171130235
1b,8000,4,3,mle,8.421038169183078
1b,8000,4,3,pca,1.0
1b,8000,4,3,pr,1.1038187186687756
1b,8000,4,3,2nn,10.344520096356106
1b,8000,4,4,mle,8.727832211201166
1b,8000,4,4,pca,1.0
1b,8000,4,4,pr,1.1077948758072746
1b,8000,4,4,2nn,11.362736496805395
1b,8000,4,5,mle,8.875307603584657
1b,8000,4,5,pca,1.0
1b,8000,4,5,pr,1.1201903492506726
1b,8000,4,5,2nn,12.313680280582444
1b,8000,4,6,mle,9.337585512062649
1b,8000,4,6,pca,1.0
1b,8000,4,6,pr,1.1439563880272958
1b,8000,4,6,2nn,12.76908843411484
1b,8000,4,7,mle,10.145749432204958
1b,8000,4,7,pca,1.0
1b,8000,4,7,pr,1.167270847012395
1b,8000,4,7,2nn,13.952744007923213
1b,8000,4,8,mle,10.514427514238836
1b,8000,4,8,pca,1.0
1b,8000,4,8,pr,1.183373999597475
1b,8000,4,8,2nn,14.559278851126297
1b,8000,4,9,mle,11.46224016348237
1b,8000,4,9,pca,1.0
1b,8000,4,9,pr,1.2211354813760011
1b,8000,4,9,2nn,16.13445636771082
1b,8000,4,10,mle,11.62196718871095
1b,8000,4,10,pca,1.0
1b,8000,4,10,pr,1.2540051241843806
1b,8000,4,10,2nn,16.379974251419057
1b,8000,4,11,mle,12.526048362771622
1b,8000,4,11,pca,1.0
1b,8000,4,11,pr,1.3198677632395566
1b,8000,4,11,2nn,17.755011799854753
1b,8000,4,12,mle,12.84574978484651
1b,8000,4,12,pca,1.0
1b,8000,4,12,pr,1.3762982797956338
1b,8000,4,12,2nn,18.185051175351244
1b,8000,4,13,mle,13.75167736884513
1b,8000,4,13,pca,1.0
1b,8000,4,13,pr,1.67836940745573
1b,8000,4,13,2nn,19.10141771940758
1b,8000,4,14,mle,14.810483417105992
1b,8000,4,14,pca,8.0
1b,8000,4,14,pr,15.626558494093398
1b,8000,4,14,2nn,19.785369694058826
1b,8000,4,15,mle,16.243341644817612
1b,8000,4,15,pca,25.0
1b,8000,4,15,pr,48.61886311963604
1b,8000,4,15,2nn,20.96014104617953
1b,16000,1,0,mle,10.823582592654773
1b,16000,1,0,pca,16.0
1b,16000,1,0,pr,33.949342286986095
1b,16000,1,0,2nn,20.973929813416827
1b,16000,1,1,mle,9.396457449009509
1b,16000,1,1,pca,42.0
1b,16000,1,1,pr,54.582347670079
1b,16000,1,1,2nn,16.101225021206755
1b,16000,1,2,mle,8.876325175448255
1b,16000,1,2,pca,23.0
1b,16000,1,2,pr,42.93560910202344
1b,16000,1,2,2nn,15.615709856817546
1b,16000,1,3,mle,8.375484488853806
1b,16000,1,3,pca,1.0
1b,16000,1,3,pr,1.0450236300613196
1b,16000,1,3,2nn,13.647533108637925
1b,16000,1,4,mle,8.596679956132144
1b,16000,1,4,pca,1.0
1b,16000,1,4,pr,1.047205517626173
1b,16000,1,4,2nn,14.550024712806708
1b,16000,1,5,mle,8.846541531491392
1b,16000,1,5,pca,1.0
1b,16000,1,5,pr,1.0526119629850095
1b,16000,1,5,2nn,15.50488322037403
1b,16000,1,6,mle,9.299721125810827
1b,16000,1,6,pca,1.0
1b,16000,1,6,pr,1.0624654858611944
1b,16000,1,6,2nn,15.787418512420384
1b,16000,1,7,mle,10.27224526231564
1b,16000,1,7,pca,1.0
1b,16000,1,7,pr,1.0712823049168256
1b,16000,1,7,2nn,16.884092862892434
1b,16000,1,8,mle,10.754758198915555
1b,16000,1,8,pca,1.0
1b,16000,1,8,pr,1.077810518648441
1b,16000,1,8,2nn,17.499309997975892
1b,16000,1,9,mle,11.79821185607196
1b,16000,1,9,pca,1.0
1b,16000,1,9,pr,1.091770341317696
1b,16000,1,9,2nn,19.355134133911235
1b,16000,1,10,mle,11.755998529678838
1b,16000,1,10,pca,1.0
1b,16000,1,10,pr,1.1043177778598845
1b,16000,1,10,2nn,19.387416335489064
1b,16000,1,11,mle,12.91551571390663
1b,16000,1,11,pca,1.0
1b,16000,1,11,pr,1.1286633651677485
1b,16000,1,11,2nn,20.958559111437772
1b,16000,1,12,mle,13.642590159429313
1b,16000,1,12,pca,1.0
1b,16000,1,12,pr,1.147790895515221
1b,16000,1,12,2nn,21.377043789095573
1b,16000,1,13,mle,15.250437492743751
1b,16000,1,13,pca,1.0
1b,16000,1,13,pr,1.214057643417446
1b,16000,1,13,2nn,22.63685596388679
1b,16000,1,14,mle,17.302945576780832
1b,16000,1,14,pca,2.0
1b,16000,1,14,pr,2.902668342111409
1b,16000,1,14,2nn,23.684571204353148
1b,16000,1,15,mle,20.3993106674524
1b,16000,1,15,pca,17.0
1b,16000,1,15,pr,35.56674117963673
1b,16000,1,15,2nn,24.90616784451987
1b,16000,2,0,mle,10.170035684071664
1b,16000,2,0,pca,16.0
1b,16000,2,0,pr,34.164449749523115
1b,16000,2,0,2nn,18.680558998912804
1b,16000,2,1,mle,9.05010112797719
1b,16000,2,1,pca,42.0
1b,16000,2,1,pr,55.09995343568378
1b,16000,2,1,2nn,14.599705320082467
1b,16000,2,2,mle,8.646722443094255
1b,16000,2,2,pca,24.0
1b,16000,2,2,pr,43.89489788667927
1b,16000,2,2,2nn,14.408663011514099
1b,16000,2,3,mle,8.306236468013289
1b,16000,2,3,pca,1.0
1b,16000,2,3,pr,1.0469261339527132
1b,16000,2,3,2nn,12.714272356156895
1b,16000,2,4,mle,8.480009462705205
1b,16000,2,4,pca,1.0
1b,16000,2,4,pr,1.0491923503977483
1b,16000,2,4,2nn,13.660568172989942
1b,16000,2,5,mle,8.67699916264001
1b,16000,2,5,pca,1.0
1b,16000,2,5,pr,1.054815099660046
1b,16000,2,5,2nn,14.619945788076322
1b,16000,2,6,mle,9.14532876416461
1b,16000,2,6,pca,1.0
1b,16000,2,6,pr,1.064998374023246
1b,16000,2,6,2nn,14.660314910034678
1b,16000,2,7,mle,10.092282277159978
1b,16000,2,7,pca,1.0
1b,16000,2,7,pr,1.0741901756925796
1b,16000,2,7,2nn,15.92352992769976
1b,16000,2,8,mle,10.573384899784717
1b,16000,2,8,pca,1.0
1b,16000,2,8,pr,1.0810670810804095
1b,16000,2,8,2nn,16.684448287755504
1b,16000,2,9,mle,11.54643405057314
1b,16000,2,9,pca,1.0
1b,16000,2,9,pr,1.09574852175123
1b,16000,2,9,2nn,18.530179406179947
1b,16000,2,10,mle,11.49253977276535
1b,16000,2,10,pca,1.0
1b,16000,2,10,pr,1.1088402035553049
1b,16000,2,10,2nn,18.55404382068305
1b,16000,2,11,mle,12.623299142239796
1b,16000,2,11,pca,1.0
1b,16000,2,11,pr,1.1343231881355025
1b,16000,2,11,2nn,20.181475576323184
1b,16000,2,12,mle,13.283730526096708
1b,16000,2,12,pca,1.0
1b,16000,2,12,pr,1.1544008898293252
1b,16000,2,12,2nn,20.90245063068021
1b,16000,2,13,mle,14.701856090500854
1b,16000,2,13,pca,1.0
1b,16000,2,13,pr,1.2240559740962509
1b,16000,2,13,2nn,21.922275587490862
1b,16000,2,14,mle,16.564478848458506
1b,16000,2,14,pca,2.0
1b,16000,2,14,pr,3.031032248672986
1b,16000,2,14,2nn,22.946234874331328
1b,16000,2,15,mle,19.5198320111439
1b,16000,2,15,pca,17.0
1b,16000,2,15,pr,36.2613824180866
1b,16000,2,15,2nn,23.669550942733938
1b,16000,3,0,mle,9.568730600456954
1b,16000,3,0,pca,16.0
1b,16000,3,0,pr,33.707526070902844
1b,16000,3,0,2nn,17.00692767570124
1b,16000,3,1,mle,8.954792740913394
1b,16000,3,1,pca,42.0
1b,16000,3,1,pr,55.24905334963991
1b,16000,3,1,2nn,13.785563128750345
1b,16000,3,2,mle,8.632379080285009
1b,16000,3,2,pca,25.0
1b,16000,3,2,pr,44.64169791305864
1b,16000,3,2,2nn,13.918587109086419
1b,16000,3,3,mle,8.251554326643515
1b,16000,3,3,pca,1.0
1b,16000,3,3,pr,1.0483813858122262
1b,16000,3,3,2nn,11.819475598308504
1b,16000,3,4,mle,8.47605429787144
1b,16000,3,4,pca,1.0
1b,16000,3,4,pr,1.0507046701757168
1b,16000,3,4,2nn,12.936234574476675
1b,16000,3,5,mle,8.728617024069418
1b,16000,3,5,pca,1.0
1b,16000,3,5,pr,1.0565107678098047
1b,16000,3,5,2nn,13.903073469741368
1b,16000,3,6,mle,9.180382911515654
1b,16000,3,6,pca,1.0
1b,16000,3,6,pr,1.0670744199728592
1b,16000,3,6,2nn,14.219270911987724
1b,16000,3,7,mle,10.116155336867582
1b,16000,3,7,pca,1.0
1b,16000,3,7,pr,1.0764654411737549
1b,16000,3,7,2nn,15.568620943937914
1b,16000,3,8,mle,10.559223402633695
1b,16000,3,8,pca,1.0
1b,16000,3,8,pr,1.0835141087040743
1b,16000,3,8,2nn,16.345132259462137
1b,16000,3,9,mle,11.476032671810591
1b,16000,3,9,pca,1.0
1b,16000,3,9,pr,1.0986825518019048
1b,16000,3,9,2nn,18.12499032132344
1b,16000,3,10,mle,11.479587205697639
1b,16000,3,10,pca,1.0
1b,16000,3,10,pr,1.1120392463655477
1b,16000,3,10,2nn,18.186847499558798
1b,16000,3,11,mle,12.437712969428338
1b,16000,3,11,pca,1.0
1b,16000,3,11,pr,1.1383180270712174
1b,16000,3,11,2nn,19.411676659621833
1b,16000,3,12,mle,12.954437034113102
1b,16000,3,12,pca,1.0
1b,16000,3,12,pr,1.1589813659326293
1b,16000,3,12,2nn,20.004903899722414
1b,16000,3,13,mle,14.207593687634132
1b,16000,3,13,pca,1.0
1b,16000,3,13,pr,1.230739695284416
1b,16000,3,13,2nn,21.18566324178793
1b,16000,3,14,mle,15.83244203617135
1b,16000,3,14,pca,2.0
1b,16000,3,14,pr,3.0890628582724946
1b,16000,3,14,2nn,21.946167846143076
1b,16000,3,15,mle,18.384403906600266
1b,16000,3,15,pca,18.0
1b,16000,3,15,pr,37.64576084324055
1b,16000,3,15,2nn,22.912475804442312
1b,16000,4,0,mle,8.83323001538164
1b,16000,4,0,pca,16.0
1b,16000,4,0,pr,35.60792855960502
1b,16000,4,0,2nn,15.324028524507751
1b,16000,4,1,mle,8.51090196785139
1b,16000,4,1,pca,45.0
1b,16000,4,1,pr,55.406037307490635
1b,16000,4,1,2nn,12.179730413634918
1b,16000,4,2,mle,8.301833329706872
1b,16000,4,2,pca,23.0
1b,16000,4,2,pr,43.571842818201915
1b,16000,4,2,2nn,12.521468098486174
1b,16000,4,3,mle,8.091349094883139
1b,16000,4,3,pca,1.0
1b,16000,4,3,pr,1.0463956203349347
1b,16000,4,3,2nn,10.697123935522553
1b,16000,4,4,mle,8.328250423247836
1b,16000,4,4,pca,1.0
1b,16000,4,4,pr,1.0485465344820082
1b,16000,4,4,2nn,11.751860024673569
1b,16000,4,5,mle,8.499471060021653
1b,16000,4,5,pca,1.0
1b,16000,4,5,pr,1.054029766571029
1b,16000,4,5,2nn,12.871042453156644
1b,16000,4,6,mle,8.944638000390945
1b,16000,4,6,pca,1.0
1b,16000,4,6,pr,1.0641409161336421
1b,16000,4,6,2nn,13.196297177736774
1b,16000,4,7,mle,9.845611194483427
1b,16000,4,7,pca,1.0
1b,16000,4,7,pr,1.073221184313196
1b,16000,4,7,2nn,14.521554102641547
1b,16000,4,8,mle,10.263636318919191
1b,16000,4,8,pca,1.0
1b,16000,4,8,pr,1.0799037675017569
1b,16000,4,8,2nn,15.418847563813758
1b,16000,4,9,mle,11.146901178567772
1b,16000,4,9,pca,1.0
1b,16000,4,9,pr,1.0943239008548151
1b,16000,4,9,2nn,17.25907186524424
1b,16000,4,10,mle,11.112586457263186
1b,16000,4,10,pca,1.0
1b,16000,4,10,pr,1.1069617260776758
1b,16000,4,10,2nn,17.47849486784295
1b,16000,4,11,mle,11.97877000716652
1b,16000,4,11,pca,1.0
1b,16000,4,11,pr,1.1317123616091274
1b,16000,4,11,2nn,18.794910714736407
1b,16000,4,12,mle,12.449104814186827
1b,16000,4,12,pca,1.0
1b,16000,4,12,pr,1.1512128029062618
1b,16000,4,12,2nn,19.270706573795522
1b,16000,4,13,mle,13.523964238125671
1b,16000,4,13,pca,1.0
1b,16000,4,13,pr,1.2195577195277865
1b,16000,4,13,2nn,20.32891154205335
1b,16000,4,14,mle,14.898794855372824
1b,16000,4,14,pca,2.0
1b,16000,4,14,pr,3.008860839425766
1b,16000,4,14,2nn,21.034778359157464
1b,16000,4,15,mle,17.07851281025902
1b,16000,4,15,pca,17.0
1b,16000,4,15,pr,35.46815225832
1b,16000,4,15,2nn,21.99246082294357
1b,32000,1,0,mle,10.284787685285238
1b,32000,1,0,pca,14.0
1b,32000,1,0,pr,33.54164847757289
1b,32000,1,0,2nn,19.448905171503572
1b,32000,1,1,mle,9.170987928782807
1b,32000,1,1,pca,33.0
1b,32000,1,1,pr,52.22129655620874
1b,32000,1,1,2nn,15.467148063592795
1b,32000,1,2,mle,8.653090296581324
1b,32000,1,2,pca,19.0
1b,32000,1,2,pr,39.77965403536089
1b,32000,1,2,2nn,15.153615658387558
1b,32000,1,3,mle,8.317929578037669
1b,32000,1,3,pca,1.0
1b,32000,1,3,pr,1.0305061382864815
1b,32000,1,3,2nn,13.316552892069193
1b,32000,1,4,mle,8.558694506294454
1b,32000,1,4,pca,1.0
1b,32000,1,4,pr,1.0319345518054894
1b,32000,1,4,2nn,14.342157470118478
1b,32000,1,5,mle,8.923104186526801
1b,32000,1,5,pca,1.0
1b,32000,1,5,pr,1.0348961413880697
1b,32000,1,5,2nn,15.505546194508769
1b,32000,1,6,mle,9.29600897654859
1b,32000,1,6,pca,1.0
1b,32000,1,6,pr,1.0404353300345066
1b,32000,1,6,2nn,15.866613931589665
1b,32000,1,7,mle,10.228032415462081
1b,32000,1,7,pca,1.0
1b,32000,1,7,pr,1.0450770297727914
1b,32000,1,7,2nn,16.992433914947384
1b,32000,1,8,mle,10.74331641444423
1b,32000,1,8,pca,1.0
1b,32000,1,8,pr,1.0491264440767496
1b,32000,1,8,2nn,17.720814178083213
1b,32000,1,9,mle,11.77137599612169
1b,32000,1,9,pca,1.0
1b,32000,1,9,pr,1.0575031287075918
1b,32000,1,9,2nn,19.721713413929567
1b,32000,1,10,mle,11.618206429590968
1b,32000,1,10,pca,1.0
1b,32000,1,10,pr,1.0657132162730576
1b,32000,1,10,2nn,19.519345383163866
1b,32000,1,11,mle,12.918139546238816
1b,32000,1,11,pca,1.0
1b,32000,1,11,pr,1.0834430228900673
1b,32000,1,11,2nn,21.06443185030163
1b,32000,1,12,mle,13.63878339059705
1b,32000,1,12,pca,1.0
1b,32000,1,12,pr,1.0961994264226895
1b,32000,1,12,2nn,21.52584106270435
1b,32000,1,13,mle,15.45341889504246
1b,32000,1,13,pca,1.0
1b,32000,1,13,pr,1.1296935582505883
1b,32000,1,13,2nn,22.993006666276777
1b,32000,1,14,mle,18.03383252252368
1b,32000,1,14,pca,1.0
1b,32000,1,14,pr,1.5658177927396602
1b,32000,1,14,2nn,24.624600696094053
1b,32000,1,15,mle,21.781159729755675
1b,32000,1,15,pca,12.0
1b,32000,1,15,pr,23.420733403931667
1b,32000,1,15,2nn,26.700440425301053
1b,32000,2,0,mle,9.565546570516537
1b,32000,2,0,pca,14.0
1b,32000,2,0,pr,34.066067734912636
1b,32000,2,0,2nn,17.23380700938924
1b,32000,2,1,mle,8.833102674266586
1b,32000,2,1,pca,33.0
1b,32000,2,1,pr,51.560743954808636
1b,32000,2,1,2nn,13.721220109123989
1b,32000,2,2,mle,8.475944009452586
1b,32000,2,2,pca,19.0
1b,32000,2,2,pr,38.29161958733166
1b,32000,2,2,2nn,13.877517216440214
1b,32000,2,3,mle,8.11949374734366
1b,32000,2,3,pca,1.0
1b,32000,2,3,pr,1.0287021245643444
1b,32000,2,3,2nn,11.96874845953404
1b,32000,2,4,mle,8.39420462176009
1b,32000,2,4,pca,1.0
1b,32000,2,4,pr,1.030033381670306
1b,32000,2,4,2nn,13.033169859392448
1b,32000,2,5,mle,8.695943524546214
1b,32000,2,5,pca,1.0
1b,32000,2,5,pr,1.032823251713588
1b,32000,2,5,2nn,14.201834423794466
1b,32000,2,6,mle,9.05811112855975
1b,32000,2,6,pca,1.0
1b,32000,2,6,pr,1.037995540544237
1b,32000,2,6,2nn,14.63061490417392
1b,32000,2,7,mle,10.017814369940755
1b,32000,2,7,pca,1.0
1b,32000,2,7,pr,1.042382205268287
1b,32000,2,7,2nn,15.886477744858402
1b,32000,2,8,mle,10.482106260809596
1b,32000,2,8,pca,1.0
1b,32000,2,8,pr,1.0461746445784412
1b,32000,2,8,2nn,16.624104401748706
1b,32000,2,9,mle,11.371094044688865
1b,32000,2,9,pca,1.0
1b,32000,2,9,pr,1.054025053297235
1b,32000,2,9,2nn,18.758546435839403
1b,32000,2,10,mle,11.269453010459529
1b,32000,2,10,pca,1.0
1b,32000,2,10,pr,1.0617340318012578
1b,32000,2,10,2nn,18.59091903332169
1b,32000,2,11,mle,12.404885374643136
1b,32000,2,11,pca,1.0
1b,32000,2,11,pr,1.0782623469222339
1b,32000,2,11,2nn,20.225916501121716
1b,32000,2,12,mle,13.047561431601515
1b,32000,2,12,pca,1.0
1b,32000,2,12,pr,1.0901839020360484
1b,32000,2,12,2nn,20.830351438887316
1b,32000,2,13,mle,14.623534485770637
1b,32000,2,13,pca,1.0
1b,32000,2,13,pr,1.1213350023609825
1b,32000,2,13,2nn,22.21944693965101
1b,32000,2,14,mle,16.86576245967712
1b,32000,2,14,pca,1.0
1b,32000,2,14,pr,1.526575599387975
1b,32000,2,14,2nn,23.864569663231883
1b,32000,2,15,mle,20.336469025414118
1b,32000,2,15,pca,10.0
1b,32000,2,15,pr,21.88678322623857
1b,32000,2,15,2nn,25.087264511362946
1b,32000,3,0,mle,9.099432706631486
1b,32000,3,0,pca,14.0
1b,32000,3,0,pr,33.23795928378995
1b,32000,3,0,2nn,15.597002365661838
1b,32000,3,1,mle,8.605048273427604
1b,32000,3,1,pca,32.0
1b,32000,3,1,pr,51.1526574053233
1b,32000,3,1,2nn,12.557890447584077
1b,32000,3,2,mle,8.379459848510804
1b,32000,3,2,pca,18.0
1b,32000,3,2,pr,37.30537462664572
1b,32000,3,2,2nn,12.958096308996284
1b,32000,3,3,mle,8.032516653958515
1b,32000,3,3,pca,1.0
1b,32000,3,3,pr,1.0274927838108991
1b,32000,3,3,2nn,11.7107387025746
1b,32000,3,4,mle,8.3207590765181
1b,32000,3,4,pca,1.0
1b,32000,3,4,pr,1.0287754594723013
1b,32000,3,4,2nn,12.83224289602487
1b,32000,3,5,mle,8.658494081625516
1b,32000,3,5,pca,1.0
1b,32000,3,5,pr,1.0314399190656895
1b,32000,3,5,2nn,14.144381970344348
1b,32000,3,6,mle,9.071701405525554
1b,32000,3,6,pca,1.0
1b,32000,3,6,pr,1.0364241917330288
1b,32000,3,6,2nn,14.353691960428508
1b,32000,3,7,mle,9.998271882659209
1b,32000,3,7,pca,1.0
1b,32000,3,7,pr,1.040607738226591
1b,32000,3,7,2nn,15.546300541642834
1b,32000,3,8,mle,10.467179114720444
1b,32000,3,8,pca,1.0
1b,32000,3,8,pr,1.0442356486453732
1b,32000,3,8,2nn,16.122227542026113
1b,32000,3,9,mle,11.501539026857431
1b,32000,3,9,pca,1.0
1b,32000,3,9,pr,1.051734903528833
1b,32000,3,9,2nn,18.132919566707407
1b,32000,3,10,mle,11.364624348779719
1b,32000,3,10,pca,1.0
1b,32000,3,10,pr,1.059131956271022
1b,32000,3,10,2nn,18.339540698603212
1b,32000,3,11,mle,12.485220509557271
1b,32000,3,11,pca,1.0
1b,32000,3,11,pr,1.0750451370740917
1b,32000,3,11,2nn,19.696215042503784
1b,32000,3,12,mle,13.013754495979027
1b,32000,3,12,pca,1.0
1b,32000,3,12,pr,1.0865061503133244
1b,32000,3,12,2nn,20.283294310598386
1b,32000,3,13,mle,14.409448643657228
1b,32000,3,13,pca,1.0
1b,32000,3,13,pr,1.116548479752063
1b,32000,3,13,2nn,21.570050460114444
1b,32000,3,14,mle,16.35038327000779
1b,32000,3,14,pca,1.0
1b,32000,3,14,pr,1.5084904201428884
1b,32000,3,14,2nn,22.66023894560532
1b,32000,3,15,mle,19.462624852800516
1b,32000,3,15,pca,10.0
1b,32000,3,15,pr,20.55107541022887
1b,32000,3,15,2nn,24.026859233403336
1b,32000,4,0,mle,8.555949139110732
1b,32000,4,0,pca,14.0
1b,32000,4,0,pr,32.74214898594594
1b,32000,4,0,2nn,14.005471557911436
1b,32000,4,1,mle,8.27746077283824
1b,32000,4,1,pca,34.0
1b,32000,4,1,pr,50.73287817270143
1b,32000,4,1,2nn,11.329682202565035
1b,32000,4,2,mle,8.163098399477787
1b,32000,4,2,pca,19.0
1b,32000,4,2,pr,37.519483924333265
1b,32000,4,2,2nn,11.823240914436987
1b,32000,4,3,mle,7.870375041441005
1b,32000,4,3,pca,1.0
1b,32000,4,3,pr,1.028033874717703
1b,32000,4,3,2nn,10.360665074182272
1b,32000,4,4,mle,8.198684968085166
1b,32000,4,4,pca,1.0
1b,32000,4,4,pr,1.0293261795880286
1b,32000,4,4,2nn,11.657696589120123
1b,32000,4,5,mle,8.574167323145465
1b,32000,4,5,pca,1.0
1b,32000,4,5,pr,1.0320608872348769
1b,32000,4,5,2nn,12.960034411034064
1b,32000,4,6,mle,9.06293660192346
1b,32000,4,6,pca,1.0
1b,32000,4,6,pr,1.0371712452566544
1b,32000,4,6,2nn,13.36459989651248
1b,32000,4,7,mle,10.015256188800283
1b,32000,4,7,pca,1.0
1b,32000,4,7,pr,1.0414029893287378
1b,32000,4,7,2nn,14.613706865949153
1b,32000,4,8,mle,10.438783636411094
1b,32000,4,8,pca,1.0
1b,32000,4,8,pr,1.0450846698182528
1b,32000,4,8,2nn,15.457478690309673
1b,32000,4,9,mle,11.26026978402094
1b,32000,4,9,pca,1.0
1b,32000,4,9,pr,1.052756567683986
1b,32000,4,9,2nn,17.2124294543234
1b,32000,4,10,mle,11.17725865105078
1b,32000,4,10,pca,1.0
1b,32000,4,10,pr,1.060286335809641
1b,32000,4,10,2nn,17.216149217993518
1b,32000,4,11,mle,12.136294861539934
1b,32000,4,11,pca,1.0
1b,32000,4,11,pr,1.076449373499824
1b,32000,4,11,2nn,18.734951237393222
1b,32000,4,12,mle,12.57700639329353
1b,32000,4,12,pca,1.0
1b,32000,4,12,pr,1.0880541702339066
1b,32000,4,12,2nn,19.298593462198138
1b,32000,4,13,mle,13.765733142738474
1b,32000,4,13,pca,1.0
1b,32000,4,13,pr,1.1185660250420217
1b,32000,4,13,2nn,20.624484627036825
1b,32000,4,14,mle,15.386377155672898
1b,32000,4,14,pca,1.0
1b,32000,4,14,pr,1.5146613938164541
1b,32000,4,14,2nn,21.626988467487873
1b,32000,4,15,mle,17.940375520168395
1b,32000,4,15,pca,10.0
1b,32000,4,15,pr,21.213968304105563
1b,32000,4,15,2nn,22.526778232664416
1b,64000,1,0,mle,9.764024989355134
1b,64000,1,0,pca,12.0
1b,64000,1,0,pr,31.27197725449194
1b,64000,1,0,2nn,17.9316319331819
1b,64000,1,1,mle,8.92436758053992
1b,64000,1,1,pca,21.0
1b,64000,1,1,pr,45.26784775605387
1b,64000,1,1,2nn,14.784600756300366
1b,64000,1,2,mle,8.612494133860926
1b,64000,1,2,pca,25.0
1b,64000,1,2,pr,50.25908385644241
1b,64000,1,2,2nn,14.684054963732098
1b,64000,1,3,mle,9.365138571277713
1b,64000,1,3,pca,20.0
1b,64000,1,3,pr,49.631199254221585
1b,64000,1,3,2nn,13.339529593024452
1b,64000,1,4,mle,9.80846313164673
1b,64000,1,4,pca,19.0
1b,64000,1,4,pr,48.26950766569868
1b,64000,1,4,2nn,14.724748680782966
1b,64000,1,5,mle,10.478459991121957
1b,64000,1,5,pca,18.0
1b,64000,1,5,pr,42.2560136058894
1b,64000,1,5,2nn,16.131556146645885
1b,64000,1,6,mle,10.805376957735527
1b,64000,1,6,pca,17.0
1b,64000,1,6,pr,39.44206564675575
1b,64000,1,6,2nn,16.307249280178524
1b,64000,1,7,mle,11.689653024504393
1b,64000,1,7,pca,17.0
1b,64000,1,7,pr,39.22800079585962
1b,64000,1,7,2nn,17.334100512300676
1b,64000,1,8,mle,12.172574448694752
1b,64000,1,8,pca,16.0
1b,64000,1,8,pr,38.2755682580179
1b,64000,1,8,2nn,18.376017363576164
1b,64000,1,9,mle,12.773291119457554
1b,64000,1,9,pca,17.0
1b,64000,1,9,pr,39.7223043584637
1b,64000,1,9,2nn,19.89537564955253
1b,64000,1,10,mle,12.606061496453783
1b,64000,1,10,pca,18.0
1b,64000,1,10,pr,37.87183759096272
1b,64000,1,10,2nn,19.622351313188844
1b,64000,1,11,mle,13.770845683249084
1b,64000,1,11,pca,21.0
1b,64000,1,11,pr,45.198327123951515
1b,64000,1,11,2nn,20.784184637395477
1b,64000,1,12,mle,14.817593657956467
1b,64000,1,12,pca,25.0
1b,64000,1,12,pr,50.084278970451514
1b,64000,1,12,2nn,21.472970295221774
1b,64000,1,13,mle,16.76832268658207
1b,64000,1,13,pca,28.0
1b,64000,1,13,pr,51.864474182009154
1b,64000,1,13,2nn,23.19673433548577
1b,64000,1,14,mle,19.08682921823546
1b,64000,1,14,pca,19.0
1b,64000,1,14,pr,37.922349307028625
1b,64000,1,14,2nn,24.28829884701889
1b,64000,1,15,mle,21.290312592770654
1b,64000,1,15,pca,26.0
1b,64000,1,15,pr,39.58602310008087
1b,64000,1,15,2nn,24.983387417753306
1b,64000,2,0,mle,9.132345135053772
1b,64000,2,0,pca,13.0
1b,64000,2,0,pr,31.536779414797465
1b,64000,2,0,2nn,16.349712539191874
1b,64000,2,1,mle,8.599320441737907
1b,64000,2,1,pca,20.0
1b,64000,2,1,pr,45.326931254894454
1b,64000,2,1,2nn,13.581147322822327
1b,64000,2,2,mle,8.404651286030807
1b,64000,2,2,pca,25.0
1b,64000,2,2,pr,50.10551505225738
1b,64000,2,2,2nn,13.746352824870748
1b,64000,2,3,mle,9.176899388293895
1b,64000,2,3,pca,21.0
1b,64000,2,3,pr,49.903451728270525
1b,64000,2,3,2nn,12.465415392087936
1b,64000,2,4,mle,9.661451964956312
1b,64000,2,4,pca,19.0
1b,64000,2,4,pr,48.602463028141095
1b,64000,2,4,2nn,13.52766997477792
1b,64000,2,5,mle,10.339980753730677
1b,64000,2,5,pca,19.0
1b,64000,2,5,pr,42.83322916497387
1b,64000,2,5,2nn,14.869918934554601
1b,64000,2,6,mle,10.676250407986839
1b,64000,2,6,pca,19.0
1b,64000,2,6,pr,39.64240879156298
1b,64000,2,6,2nn,15.443463577545275
1b,64000,2,7,mle,11.642492179857447
1b,64000,2,7,pca,18.0
1b,64000,2,7,pr,39.31973705652882
1b,64000,2,7,2nn,16.50752946279095
1b,64000,2,8,mle,12.172135208570252
1b,64000,2,8,pca,17.0
1b,64000,2,8,pr,38.230190497295794
1b,64000,2,8,2nn,17.41095744173923
1b,64000,2,9,mle,12.739553366227018
1b,64000,2,9,pca,18.0
1b,64000,2,9,pr,39.660314292024275
1b,64000,2,9,2nn,19.246869403571125
1b,64000,2,10,mle,12.521726900112895
1b,64000,2,10,pca,19.0
1b,64000,2,10,pr,37.489267161041255
1b,64000,2,10,2nn,19.110477871618542
1b,64000,2,11,mle,13.518859574306273
1b,64000,2,11,pca,21.0
1b,64000,2,11,pr,44.9974949401519
1b,64000,2,11,2nn,20.246144666866726
1b,64000,2,12,mle,14.42075184624401
1b,64000,2,12,pca,24.0
1b,64000,2,12,pr,49.827668208643324
1b,64000,2,12,2nn,20.85451175702973
1b,64000,2,13,mle,16.180382393923402
1b,64000,2,13,pca,26.0
1b,64000,2,13,pr,51.57266716480581
1b,64000,2,13,2nn,22.145533055028288
1b,64000,2,14,mle,18.245762887323625
1b,64000,2,14,pca,19.0
1b,64000,2,14,pr,37.52864256040955
1b,64000,2,14,2nn,23.315371468946662
1b,64000,2,15,mle,20.273777907522167
1b,64000,2,15,pca,26.0
1b,64000,2,15,pr,40.6619168439219
1b,64000,2,15,2nn,24.335921065095167
1b,64000,3,0,mle,8.737352979367888
1b,64000,3,0,pca,12.0
1b,64000,3,0,pr,29.737980702791408
1b,64000,3,0,2nn,15.07735536266271
1b,64000,3,1,mle,8.357792017860014
1b,64000,3,1,pca,19.0
1b,64000,3,1,pr,43.96456697644329
1b,64000,3,1,2nn,12.707228691118177
1b,64000,3,2,mle,8.246128276279963
1b,64000,3,2,pca,24.0
1b,64000,3,2,pr,49.16448233383861
1b,64000,3,2,2nn,13.08856863046938
1b,64000,3,3,mle,9.039875963773735
1b,64000,3,3,pca,20.0
1b,64000,3,3,pr,48.776464444279334
1b,64000,3,3,2nn,12.174816315481834
1b,64000,3,4,mle,9.462622393753827
1b,64000,3,4,pca,18.0
1b,64000,3,4,pr,47.42197313694523
1b,64000,3,4,2nn,13.520579408619339
1b,64000,3,5,mle,10.182445170350187
1b,64000,3,5,pca,17.0
1b,64000,3,5,pr,41.62178242561868
1b,64000,3,5,2nn,14.968905126482554
1b,64000,3,6,mle,10.56591024324325
1b,64000,3,6,pca,17.0
1b,64000,3,6,pr,38.84142473110827
1b,64000,3,6,2nn,15.405370697642791
1b,64000,3,7,mle,11.521392935979057
1b,64000,3,7,pca,17.0
1b,64000,3,7,pr,38.711718611531126
1b,64000,3,7,2nn,16.519803622058763
1b,64000,3,8,mle,11.906853595761943
1b,64000,3,8,pca,16.0
1b,64000,3,8,pr,37.575443501639874
1b,64000,3,8,2nn,17.380029743959742
1b,64000,3,9,mle,12.615790746241224
1b,64000,3,9,pca,18.0
1b,64000,3,9,pr,38.96626356338673
1b,64000,3,9,2nn,18.96437473547122
1b,64000,3,10,mle,12.360077103786592
1b,64000,3,10,pca,18.0
1b,64000,3,10,pr,37.111600034442304
1b,64000,3,10,2nn,18.720097017407348
1b,64000,3,11,mle,13.2652378450141
1b,64000,3,11,pca,21.0
1b,64000,3,11,pr,44.41762401189228
1b,64000,3,11,2nn,19.76791986278918
1b,64000,3,12,mle,14.081271420439
1b,64000,3,12,pca,25.0
1b,64000,3,12,pr,49.322490223606685
1b,64000,3,12,2nn,20.259171304387312
1b,64000,3,13,mle,15.678703620054538
1b,64000,3,13,pca,27.0
1b,64000,3,13,pr,51.22541559171793
1b,64000,3,13,2nn,21.420785122321924
1b,64000,3,14,mle,17.509791865376446
1b,64000,3,14,pca,19.0
1b,64000,3,14,pr,37.63105063737421
1b,64000,3,14,2nn,22.375855441208287
1b,64000,3,15,mle,19.479559639660625
1b,64000,3,15,pca,26.0
1b,64000,3,15,pr,40.12274240304151
1b,64000,3,15,2nn,23.464860346579968
1b,64000,4,0,mle,8.346635271662972
1b,64000,4,0,pca,12.0
1b,64000,4,0,pr,30.312099353418613
1b,64000,4,0,2nn,13.547242107840956
1b,64000,4,1,mle,8.34127340981121
1b,64000,4,1,pca,18.0
1b,64000,4,1,pr,43.808123591845444
1b,64000,4,1,2nn,11.447445325621562
1b,64000,4,2,mle,8.248021527629083
1b,64000,4,2,pca,24.0
1b,64000,4,2,pr,48.70691332355132
1b,64000,4,2,2nn,12.049922856196895
1b,64000,4,3,mle,9.02127073844162
1b,64000,4,3,pca,20.0
1b,64000,4,3,pr,48.33620323609987
1b,64000,4,3,2nn,10.966305406148866
1b,64000,4,4,mle,9.50830137867518
1b,64000,4,4,pca,18.0
1b,64000,4,4,pr,47.104492093015324
1b,64000,4,4,2nn,12.314802498239425
1b,64000,4,5,mle,10.142047016748192
1b,64000,4,5,pca,17.0
1b,64000,4,5,pr,41.48605271251603
1b,64000,4,5,2nn,14.012476749505662
1b,64000,4,6,mle,10.496714254517691
1b,64000,4,6,pca,17.0
1b,64000,4,6,pr,38.7229894237427
1b,64000,4,6,2nn,14.673241544847592
1b,64000,4,7,mle,11.434491119376846
1b,64000,4,7,pca,16.0
1b,64000,4,7,pr,38.45959834600921
1b,64000,4,7,2nn,15.875474549568196
1b,64000,4,8,mle,11.800934864569184
1b,64000,4,8,pca,16.0
1b,64000,4,8,pr,37.450924606080406
1b,64000,4,8,2nn,16.741857165745323
1b,64000,4,9,mle,12.436129084649139
1b,64000,4,9,pca,17.0
1b,64000,4,9,pr,38.767947688928295
1b,64000,4,9,2nn,18.29853932713369
1b,64000,4,10,mle,12.178625809088038
1b,64000,4,10,pca,18.0
1b,64000,4,10,pr,37.00916824499076
1b,64000,4,10,2nn,17.865529593303048
1b,64000,4,11,mle,13.039376087277324
1b,64000,4,11,pca,21.0
1b,64000,4,11,pr,44.28229896361151
1b,64000,4,11,2nn,19.060214663331948
1b,64000,4,12,mle,13.706530080653138
1b,64000,4,12,pca,24.0
1b,64000,4,12,pr,49.07882256835499
1b,64000,4,12,2nn,19.677543338909846
1b,64000,4,13,mle,15.100742870844481
1b,64000,4,13,pca,28.0
1b,64000,4,13,pr,50.95930148722086
1b,64000,4,13,2nn,20.642001707155174
1b,64000,4,14,mle,16.620469588808152
1b,64000,4,14,pca,20.0
1b,64000,4,14,pr,37.580003370662226
1b,64000,4,14,2nn,21.533994163013205
1b,64000,4,15,mle,18.30212397731519
1b,64000,4,15,pca,25.0
1b,64000,4,15,pr,39.073614168537915
1b,64000,4,15,2nn,21.981883619102454
1b,143000,1,0,mle,8.991016710369815
1b,143000,1,0,pca,10.0
1b,143000,1,0,pr,27.418064791682927
1b,143000,1,0,2nn,16.594240864150382
1b,143000,1,1,mle,8.381586047871158
1b,143000,1,1,pca,14.0
1b,143000,1,1,pr,37.17407047653896
1b,143000,1,1,2nn,13.708085985286667
1b,143000,1,2,mle,8.231021311624248
1b,143000,1,2,pca,24.0
1b,143000,1,2,pr,51.274787728391
1b,143000,1,2,2nn,13.687730893542488
1b,143000,1,3,mle,9.203216474897244
1b,143000,1,3,pca,23.0
1b,143000,1,3,pr,56.223828879590805
1b,143000,1,3,2nn,12.914889653489459
1b,143000,1,4,mle,9.752033027464575
1b,143000,1,4,pca,22.0
1b,143000,1,4,pr,54.196807977679555
1b,143000,1,4,2nn,14.234661719345088
1b,143000,1,5,mle,10.358347751405566
1b,143000,1,5,pca,21.0
1b,143000,1,5,pr,47.29947222729891
1b,143000,1,5,2nn,15.532880124518945
1b,143000,1,6,mle,10.651713656158813
1b,143000,1,6,pca,20.0
1b,143000,1,6,pr,43.27275857718855
1b,143000,1,6,2nn,15.7267624933401
1b,143000,1,7,mle,11.770153177963008
1b,143000,1,7,pca,21.0
1b,143000,1,7,pr,44.39057579008309
1b,143000,1,7,2nn,17.061455831764796
1b,143000,1,8,mle,12.282793837453966
1b,143000,1,8,pca,18.0
1b,143000,1,8,pr,41.69021281726869
1b,143000,1,8,2nn,18.085468946591707
1b,143000,1,9,mle,12.753296795773695
1b,143000,1,9,pca,20.0
1b,143000,1,9,pr,43.56038452532546
1b,143000,1,9,2nn,19.62882405872132
1b,143000,1,10,mle,12.566100105255138
1b,143000,1,10,pca,19.0
1b,143000,1,10,pr,38.815340743482786
1b,143000,1,10,2nn,19.128392995201175
1b,143000,1,11,mle,13.892658635683329
1b,143000,1,11,pca,22.0
1b,143000,1,11,pr,44.281531379078594
1b,143000,1,11,2nn,20.65736599504212
1b,143000,1,12,mle,15.209210714688219
1b,143000,1,12,pca,25.0
1b,143000,1,12,pr,48.37811621810142
1b,143000,1,12,2nn,21.10408125898298
1b,143000,1,13,mle,18.18999488914556
1b,143000,1,13,pca,27.0
1b,143000,1,13,pr,47.515533768912434
1b,143000,1,13,2nn,22.737955999338077
1b,143000,1,14,mle,21.41492714493893
1b,143000,1,14,pca,19.0
1b,143000,1,14,pr,31.755037664119666
1b,143000,1,14,2nn,24.221114704021673
1b,143000,1,15,mle,23.17195501333747
1b,143000,1,15,pca,16.0
1b,143000,1,15,pr,22.718012071383164
1b,143000,1,15,2nn,25.17409714850021
1b,143000,2,0,mle,8.63457368115253
1b,143000,2,0,pca,11.0
1b,143000,2,0,pr,28.247417004425724
1b,143000,2,0,2nn,14.737663232446161
1b,143000,2,1,mle,8.247068116017198
1b,143000,2,1,pca,14.0
1b,143000,2,1,pr,37.31880382431226
1b,143000,2,1,2nn,12.956593781134817
1b,143000,2,2,mle,8.197275242857783
1b,143000,2,2,pca,24.0
1b,143000,2,2,pr,51.10779383160954
1b,143000,2,2,2nn,13.162413288924657
1b,143000,2,3,mle,9.148890637283694
1b,143000,2,3,pca,23.0
1b,143000,2,3,pr,55.90674616982838
1b,143000,2,3,2nn,12.308678276277483
1b,143000,2,4,mle,9.654996926311075
1b,143000,2,4,pca,22.0
1b,143000,2,4,pr,54.22612584103544
1b,143000,2,4,2nn,13.786794992343058
1b,143000,2,5,mle,10.23558424551035
1b,143000,2,5,pca,21.0
1b,143000,2,5,pr,47.92479149051287
1b,143000,2,5,2nn,15.184558339087063
1b,143000,2,6,mle,10.578202581152173
1b,143000,2,6,pca,21.0
1b,143000,2,6,pr,43.97441402839298
1b,143000,2,6,2nn,15.431716031169131
1b,143000,2,7,mle,11.678864257133139
1b,143000,2,7,pca,21.0
1b,143000,2,7,pr,44.86808061949089
1b,143000,2,7,2nn,16.67824173952218
1b,143000,2,8,mle,12.101748422234701
1b,143000,2,8,pca,19.0
1b,143000,2,8,pr,42.30482702702858
1b,143000,2,8,2nn,17.602183000593865
1b,143000,2,9,mle,12.624719932473463
1b,143000,2,9,pca,22.0
1b,143000,2,9,pr,44.49673932645022
1b,143000,2,9,2nn,18.88795692138474
1b,143000,2,10,mle,12.38996114317842
1b,143000,2,10,pca,20.0
1b,143000,2,10,pr,39.75632189483776
1b,143000,2,10,2nn,18.681665860937372
1b,143000,2,11,mle,13.703707383598484
1b,143000,2,11,pca,24.0
1b,143000,2,11,pr,45.423433058872476
1b,143000,2,11,2nn,20.327857823725328
1b,143000,2,12,mle,14.815093896200679
1b,143000,2,12,pca,26.0
1b,143000,2,12,pr,49.403953646342494
1b,143000,2,12,2nn,20.923717815388752
1b,143000,2,13,mle,17.50695442486686
1b,143000,2,13,pca,28.0
1b,143000,2,13,pr,48.09447541694794
1b,143000,2,13,2nn,22.244167294422642
1b,143000,2,14,mle,20.38968012142549
1b,143000,2,14,pca,18.0
1b,143000,2,14,pr,32.059275689662485
1b,143000,2,14,2nn,23.652072787163643
1b,143000,2,15,mle,22.221108373302627
1b,143000,2,15,pca,16.0
1b,143000,2,15,pr,23.010398529979692
1b,143000,2,15,2nn,24.26337511208184
1b,143000,3,0,mle,8.411488214167312
1b,143000,3,0,pca,10.0
1b,143000,3,0,pr,27.0634850003172
1b,143000,3,0,2nn,13.963553693290741
1b,143000,3,1,mle,8.10197324383916
1b,143000,3,1,pca,14.0
1b,143000,3,1,pr,36.73233779307348
1b,143000,3,1,2nn,12.311193882290745
1b,143000,3,2,mle,8.100515999884264
1b,143000,3,2,pca,23.0
1b,143000,3,2,pr,50.71909567233077
1b,143000,3,2,2nn,12.556246220854863
1b,143000,3,3,mle,9.107169124935309
1b,143000,3,3,pca,23.0
1b,143000,3,3,pr,55.404027737006345
1b,143000,3,3,2nn,11.713509267254492
1b,143000,3,4,mle,9.711030252578173
1b,143000,3,4,pca,22.0
1b,143000,3,4,pr,53.47966505238415
1b,143000,3,4,2nn,13.191973996006901
1b,143000,3,5,mle,10.311237615074294
1b,143000,3,5,pca,20.0
1b,143000,3,5,pr,46.73058888821598
1b,143000,3,5,2nn,15.093035285596207
1b,143000,3,6,mle,10.572149765237391
1b,143000,3,6,pca,20.0
1b,143000,3,6,pr,42.82598345146021
1b,143000,3,6,2nn,15.399359249258648
1b,143000,3,7,mle,11.612878157001171
1b,143000,3,7,pca,20.0
1b,143000,3,7,pr,43.95737521144068
1b,143000,3,7,2nn,16.84136484187565
1b,143000,3,8,mle,12.108508938323919
1b,143000,3,8,pca,18.0
1b,143000,3,8,pr,41.237082705126916
1b,143000,3,8,2nn,17.787603946271435
1b,143000,3,9,mle,12.576772300030791
1b,143000,3,9,pca,19.0
1b,143000,3,9,pr,43.3096089280849
1b,143000,3,9,2nn,19.380219521972688
1b,143000,3,10,mle,12.427142852428096
1b,143000,3,10,pca,18.0
1b,143000,3,10,pr,38.621599250570746
1b,143000,3,10,2nn,18.689269189271943
1b,143000,3,11,mle,13.502006660724877
1b,143000,3,11,pca,21.0
1b,143000,3,11,pr,44.18220509070542
1b,143000,3,11,2nn,19.90913263673586
1b,143000,3,12,mle,14.547227165192622
1b,143000,3,12,pca,25.0
1b,143000,3,12,pr,48.24800080784711
1b,143000,3,12,2nn,20.412745407279058
1b,143000,3,13,mle,16.984548631957846
1b,143000,3,13,pca,27.0
1b,143000,3,13,pr,47.44075500337778
1b,143000,3,13,2nn,21.43563808716853
1b,143000,3,14,mle,19.683689682787325
1b,143000,3,14,pca,18.0
1b,143000,3,14,pr,31.834712077985852
1b,143000,3,14,2nn,22.672412953487825
1b,143000,3,15,mle,21.488672822481032
1b,143000,3,15,pca,16.0
1b,143000,3,15,pr,22.73699888983459
1b,143000,3,15,2nn,23.395457827908782
1b,143000,4,0,mle,7.86333687605808
1b,143000,4,0,pca,11.0
1b,143000,4,0,pr,27.928376839649992
1b,143000,4,0,2nn,12.937038223937657
1b,143000,4,1,mle,7.879705895893252
1b,143000,4,1,pca,13.0
1b,143000,4,1,pr,35.97457238133024
1b,143000,4,1,2nn,11.42462236591139
1b,143000,4,2,mle,7.840799244874474
1b,143000,4,2,pca,23.0
1b,143000,4,2,pr,50.0441300207894
1b,143000,4,2,2nn,11.932931554820167
1b,143000,4,3,mle,8.857796871284659
1b,143000,4,3,pca,22.0
1b,143000,4,3,pr,55.27639208523371
1b,143000,4,3,2nn,11.059268765491376
1b,143000,4,4,mle,9.480887526815952
1b,143000,4,4,pca,22.0
1b,143000,4,4,pr,53.61888382572275
1b,143000,4,4,2nn,12.564321723774224
1b,143000,4,5,mle,10.123181182597369
1b,143000,4,5,pca,20.0
1b,143000,4,5,pr,46.680621312010935
1b,143000,4,5,2nn,14.231225047923763
1b,143000,4,6,mle,10.480727049879759
1b,143000,4,6,pca,19.0
1b,143000,4,6,pr,42.28883540539993
1b,143000,4,6,2nn,14.649460589201103
1b,143000,4,7,mle,11.500742358812898
1b,143000,4,7,pca,20.0
1b,143000,4,7,pr,43.14344341814899
1b,143000,4,7,2nn,15.830971231550098
1b,143000,4,8,mle,11.94788810593674
1b,143000,4,8,pca,17.0
1b,143000,4,8,pr,40.231186692050755
1b,143000,4,8,2nn,16.885432636207142
1b,143000,4,9,mle,12.437041337089482
1b,143000,4,9,pca,20.0
1b,143000,4,9,pr,42.26313317803684
1b,143000,4,9,2nn,18.623068447949336
1b,143000,4,10,mle,12.242368838750973
1b,143000,4,10,pca,18.0
1b,143000,4,10,pr,38.045731976853546
1b,143000,4,10,2nn,18.563415804134134
1b,143000,4,11,mle,13.249439664934686
1b,143000,4,11,pca,23.0
1b,143000,4,11,pr,43.86694985221832
1b,143000,4,11,2nn,19.64084640837022
1b,143000,4,12,mle,14.125232791917407
1b,143000,4,12,pca,25.0
1b,143000,4,12,pr,48.08556504121366
1b,143000,4,12,2nn,19.876586198269727
1b,143000,4,13,mle,16.292085486391436
1b,143000,4,13,pca,28.0
1b,143000,4,13,pr,47.661159568943205
1b,143000,4,13,2nn,20.977659704721283
1b,143000,4,14,mle,18.591954756922057
1b,143000,4,14,pca,20.0
1b,143000,4,14,pr,32.1520024062067
1b,143000,4,14,2nn,21.8866715094364
1b,143000,4,15,mle,20.135787276975062
1b,143000,4,15,pca,16.0
1b,143000,4,15,pr,22.156950798895075
1b,143000,4,15,2nn,21.982112281622932
